Country,Year,Status,Life expectancy ,Adult Mortality,infant deaths,Alcohol,percentage expenditure,Hepatitis B,Measles , BMI ,under-five deaths ,Polio,Total expenditure,Diphtheria , HIV/AIDS,GDP
Philippines,2015,Developing,68.5,211.0,52,,0.0,6.0,619,25.4,66,low,,6.0,0.1,2878.33837
Philippines,2014,Developing,68.4,214.0,54,4.52,31.27232188,67.0,58848,24.8,68,low,4.71,67.0,0.1,2842.938353
Philippines,2013,Developing,68.1,219.0,55,4.61,24.58973399,89.0,2920,24.3,69,low,4.56,89.0,0.1,276.289146
Philippines,2012,Developing,68.1,217.0,56,5.02,212.7418488,88.0,1536,23.7,71,low,4.46,88.0,0.1,2581.818554
Philippines,2011,Developing,68.0,218.0,57,4.96,191.4949779,87.0,6538,23.1,72,low,4.29,87.0,0.1,2352.518156
Philippines,2010,Developing,67.9,218.0,58,4.85,198.2563794,77.0,6368,22.6,74,low,4.37,79.0,0.1,2129.499242
Philippines,2009,Developing,68.0,219.0,59,4.42,159.5348489,85.0,1469,22.1,76,low,4.41,87.0,0.1,1825.341521
Philippines,2008,Developing,67.5,217.0,60,4.21,155.4767618,88.0,341,21.6,78,medium,4.5,91.0,0.1,1919.466195
Philippines,2007,Developing,67.5,216.0,62,4.19,137.327474,87.0,530,21.1,80,low,3.94,87.0,0.1,1672.685433
Philippines,2006,Developing,67.3,219.0,63,4.08,121.3625467,77.0,9,2.6,82,low,3.95,88.0,0.1,1391.772325
Philippines,2005,Developing,67.0,223.0,65,4.22,105.7306982,49.0,118,2.1,84,very low,3.91,89.0,0.1,1194.697155
Philippines,2004,Developing,67.3,218.0,66,4.45,13.39905105,48.0,3025,19.6,86,low,3.23,88.0,0.1,179.3715
Philippines,2003,Developing,67.2,217.0,67,4.44,0.901149288,52.0,10511,19.2,87,low,3.25,84.0,0.1,11.553196
Philippines,2002,Developing,66.8,221.0,68,4.42,0.09987219,42.0,7003,18.7,89,low,2.79,79.0,0.1,1.68135
Philippines,2001,Developing,66.8,221.0,68,4.54,69.0204245,45.0,7360,18.3,89,low,3.0,79.0,0.1,957.287441
Philippines,2000,Developing,66.8,219.0,69,4.73,11.69704463,7.0,7120,17.8,90,low,3.21,78.0,0.1,138.91977
Poland,2015,Developed,77.5,117.0,2,,0.0,96.0,0,61.7,2,medium,,98.0,0.1,12565.9876
Poland,2014,Developed,77.3,12.0,2,10.71,243.808475,96.0,0,61.1,2,medium,6.35,98.0,0.1,14341.675
Poland,2013,Developed,77.1,12.0,2,11.63,23.43533487,96.0,84,6.4,2,medium,6.4,99.0,0.1,1378.54911
Poland,2012,Developed,76.8,125.0,2,10.81,230.040097,97.0,71,59.7,2,medium,6.62,99.0,0.1,13145.1484
Poland,2011,Developed,76.7,128.0,2,10.93,250.0773782,98.0,0,59.1,2,high,6.7,99.0,0.1,13893.18768
Poland,2010,Developed,76.3,13.0,2,10.59,220.4916851,98.0,13,58.4,2,high,6.88,99.0,0.1,12599.52486
Poland,2009,Developed,75.7,136.0,2,10.7,1299.159757,98.0,115,57.8,3,high,7.12,99.0,0.1,11527.59323
Poland,2008,Developed,75.5,14.0,2,11.4,15.71474837,98.0,0,57.2,3,high,6.88,99.0,0.1,141.44688
Poland,2007,Developed,75.3,144.0,2,10.9,14.3042452,98.0,40,56.6,3,very high,6.28,99.0,0.1,1126.31852
Poland,2006,Developed,75.2,144.0,2,10.4,9.1455559,98.0,120,56.0,3,very high,6.17,99.0,0.1,94.7726
Poland,2005,Developed,75.0,144.0,2,9.5,79.41502672,98.0,13,55.5,3,very high,6.2,99.0,0.1,821.251569
Poland,2004,Developed,74.9,143.0,2,9.19,648.0743453,98.0,11,55.0,3,very high,6.19,99.0,0.1,6681.178818
Poland,2003,Developed,74.7,142.0,3,9.06,542.0235,97.0,48,54.5,3,high,6.22,99.0,0.1,5693.52416
Poland,2002,Developed,74.5,145.0,3,8.02,516.0554391,98.0,34,54.0,3,high,6.32,99.0,0.1,5196.932921
Poland,2001,Developed,74.2,149.0,3,7.74,466.7383106,95.0,133,53.6,3,high,5.86,98.0,0.1,4981.198619
Poland,2000,Developed,73.7,153.0,3,8.4,412.4323974,99.0,77,53.1,4,high,5.5,98.0,0.1,4492.72764
Portugal,2015,Developed,81.1,76.0,0,,0.0,98.0,8,61.6,0,high,,98.0,0.1,1922.681
Portugal,2014,Developed,89.0,78.0,0,9.88,271.2545531,98.0,0,6.9,0,high,9.5,98.0,0.1,2277.53613
Portugal,2013,Developed,86.0,79.0,0,10.0,2698.01817,98.0,1,6.2,0,high,9.55,98.0,0.1,21618.73534
Portugal,2012,Developed,83.0,81.0,0,11.96,331.457035,98.0,23,59.5,0,high,9.74,98.0,0.1,2577.4264
Portugal,2011,Developed,82.0,85.0,0,11.92,3108.288623,97.0,2,58.8,0,high,1.7,97.0,0.1,23196.18375
Portugal,2010,Developed,79.6,88.0,0,12.25,3119.349824,97.0,5,58.1,0,high,1.44,98.0,0.1,22538.6548
Portugal,2009,Developed,79.3,9.0,0,12.03,337.1023516,96.0,3,57.3,0,high,1.42,96.0,0.1,2363.97161
Portugal,2008,Developed,79.0,92.0,0,12.35,3652.869332,97.0,1,56.5,0,high,9.9,97.0,0.1,24815.6884
Portugal,2007,Developed,78.7,94.0,0,12.57,333.3569124,97.0,0,55.7,0,high,9.62,97.0,0.1,2278.5845
Portugal,2006,Developed,78.5,96.0,0,13.11,2884.020194,97.0,0,54.9,0,high,9.67,97.0,0.1,19821.44463
Portugal,2005,Developed,77.7,11.0,0,13.33,2813.985285,94.0,7,54.1,1,medium,9.98,93.0,0.1,18784.9485
Portugal,2004,Developed,78.0,99.0,0,13.45,276.0999798,94.0,5,53.3,1,medium,9.84,95.0,0.1,1845.5881
Portugal,2003,Developed,77.3,15.0,0,14.21,2283.891796,94.0,8,52.5,1,high,9.54,99.0,0.1,15772.7334
Portugal,2002,Developed,77.2,17.0,1,12.0,1904.00231,82.0,8,51.7,1,high,9.15,98.0,0.1,12882.28897
Portugal,2001,Developed,76.9,11.0,1,12.22,1657.328352,7.0,0,5.9,1,high,9.1,97.0,0.1,11729.14616
Portugal,2000,Developed,76.6,11.0,1,11.89,167.3280168,58.0,45,5.1,1,high,9.14,96.0,0.1,1152.39681
Qatar,2015,Developing,78.2,68.0,0,,0.0,99.0,18,69.3,0,very high,,99.0,0.1,66346.52267
Qatar,2014,Developing,78.1,69.0,0,1.15,5063.513104,89.0,46,68.4,0,very high,2.19,89.0,0.1,86852.7119
Qatar,2013,Developing,77.9,7.0,0,1.2,515.0734795,97.0,73,67.7,0,very high,2.15,97.0,0.1,8834.87958
Qatar,2012,Developing,77.8,72.0,0,1.13,5163.32918,93.0,160,67.0,0,medium,2.16,92.0,0.1,88564.82298
Qatar,2011,Developing,77.5,74.0,0,1.16,4409.17067,93.0,101,66.5,0,medium,1.93,93.0,0.1,85948.746
Qatar,2010,Developing,77.3,76.0,0,1.16,37.76848819,97.0,295,66.0,0,high,2.9,97.0,0.1,736.22784
Qatar,2009,Developing,77.0,79.0,0,1.11,3688.694288,99.0,112,65.6,0,high,2.63,99.0,0.1,61478.23813
Qatar,2008,Developing,76.8,82.0,0,1.37,5484.143308,97.0,0,65.2,0,high,1.87,97.0,0.1,82967.37228
Qatar,2007,Developing,76.7,83.0,0,1.24,44.18506273,94.0,361,65.1,0,high,2.31,94.0,0.1,675.61258
Qatar,2006,Developing,76.6,83.0,0,1.28,448.5952989,96.0,144,65.0,0,medium,2.58,96.0,0.1,6256.55926
Qatar,2005,Developing,76.6,84.0,0,1.18,4582.476081,97.0,74,65.1,0,high,3.1,97.0,0.1,51488.49529
Qatar,2004,Developing,76.6,84.0,0,1.11,4064.743869,97.0,29,65.0,0,medium,3.61,96.0,0.1,41818.35256
Qatar,2003,Developing,76.5,85.0,0,1.0,4049.972347,93.0,24,64.7,0,medium,4.14,92.0,0.1,34176.98183
Qatar,2002,Developing,76.4,85.0,0,0.87,188.6782945,98.0,34,64.1,0,high,2.71,96.0,0.1,2999.65492
Qatar,2001,Developing,76.3,87.0,0,0.76,170.0494537,93.0,23,63.3,0,medium,2.56,93.0,0.1,2843.63635
Qatar,2000,Developing,76.2,88.0,0,0.5,1559.287158,89.0,46,62.4,0,medium,2.18,8.0,0.1,29986.2915
Republic of Korea,2015,Developing,82.3,64.0,1,,0.0,98.0,7,31.7,2,high,,98.0,0.1,
Republic of Korea,2014,Developing,82.0,66.0,1,0.01,0.0,99.0,442,31.2,2,very high,7.37,99.0,0.1,
Republic of Korea,2013,Developing,81.7,68.0,1,9.33,0.0,99.0,107,3.8,2,very high,7.2,99.0,0.1,
Republic of Korea,2012,Developing,81.2,69.0,1,9.56,0.0,99.0,2,3.4,2,very high,7.1,99.0,0.1,
Republic of Korea,2011,Developing,81.1,72.0,2,9.34,0.0,99.0,42,3.0,2,high,6.83,99.0,0.1,
Republic of Korea,2010,Developing,87.0,74.0,2,9.23,0.0,94.0,114,29.5,2,medium,6.79,94.0,0.1,
Republic of Korea,2009,Developing,86.0,75.0,2,8.97,0.0,94.0,17,29.1,2,medium,6.66,94.0,0.1,
Republic of Korea,2008,Developing,83.0,75.0,2,9.31,0.0,94.0,2,28.6,2,medium,6.16,94.0,0.1,
Republic of Korea,2007,Developing,79.8,77.0,2,9.05,0.0,91.0,194,28.2,2,medium,5.99,91.0,0.1,
Republic of Korea,2006,Developing,79.4,79.0,2,8.83,0.0,99.0,28,27.7,2,high,5.76,98.0,0.1,
Republic of Korea,2005,Developing,78.7,84.0,2,9.03,0.0,99.0,7,27.2,3,high,5.33,96.0,0.1,
Republic of Korea,2004,Developing,78.2,89.0,3,9.18,0.0,92.0,11,26.7,3,very low,4.96,88.0,0.1,
Republic of Korea,2003,Developing,77.6,95.0,3,9.66,0.0,91.0,33,26.2,3,medium,4.93,97.0,0.1,
Republic of Korea,2002,Developing,77.1,99.0,3,9.55,0.0,92.0,62,25.7,4,very high,4.61,97.0,0.1,
Republic of Korea,2001,Developing,76.7,17.0,3,11.45,0.0,89.0,23060,25.2,4,very high,4.76,97.0,0.1,
Republic of Korea,2000,Developing,76.0,116.0,4,10.33,0.0,93.0,32647,24.7,4,very high,4.23,97.0,0.1,
Republic of Moldova,2015,Developing,72.1,157.0,1,,0.0,88.0,0,53.4,1,low,,87.0,0.1,
Republic of Moldova,2014,Developing,71.8,162.0,1,9.99,0.0,92.0,2,52.7,1,medium,1.32,9.0,0.1,
Republic of Moldova,2013,Developing,71.7,163.0,1,10.49,0.0,91.0,27,52.1,1,medium,1.5,9.0,0.1,
Republic of Moldova,2012,Developing,79.0,175.0,1,10.68,0.0,94.0,11,51.5,1,medium,11.87,92.0,0.1,
Republic of Moldova,2011,Developing,77.0,177.0,1,9.45,0.0,96.0,0,5.9,1,high,1.61,93.0,0.1,
Republic of Moldova,2010,Developing,68.8,219.0,1,8.25,0.0,98.0,0,5.4,1,high,12.8,9.0,0.1,
Republic of Moldova,2009,Developing,69.0,218.0,1,8.45,0.0,89.0,0,49.9,1,low,12.49,85.0,0.1,
Republic of Moldova,2008,Developing,68.9,228.0,1,9.07,0.0,97.0,0,49.5,1,high,11.41,9.0,0.1,
Republic of Moldova,2007,Developing,68.3,237.0,1,9.66,0.0,95.0,10,49.1,1,medium,1.88,92.0,0.1,
Republic of Moldova,2006,Developing,68.0,242.0,1,8.36,0.0,98.0,34,48.7,1,high,1.63,97.0,0.1,
Republic of Moldova,2005,Developing,67.3,248.0,1,10.78,0.0,99.0,6,48.3,1,very high,9.15,98.0,0.1,
Republic of Moldova,2004,Developing,68.0,225.0,1,12.27,0.0,99.0,4,47.9,1,high,8.49,98.0,0.1,
Republic of Moldova,2003,Developing,67.6,226.0,1,8.15,0.0,99.0,87,47.6,1,high,8.24,98.0,0.1,
Republic of Moldova,2002,Developing,67.5,225.0,1,6.71,0.0,99.0,4929,47.2,1,high,8.31,97.0,0.1,
Republic of Moldova,2001,Developing,67.6,228.0,1,10.98,0.0,94.0,457,46.8,1,high,7.0,97.0,0.1,
Republic of Moldova,2000,Developing,67.1,235.0,1,9.89,0.0,92.0,687,46.5,2,high,6.65,95.0,0.1,
Romania,2015,Developed,75.0,133.0,2,,0.0,9.0,4,6.7,2,medium,,89.0,0.1,8958.788593
Romania,2014,Developed,74.8,135.0,2,0.01,1.576409172,94.0,59,59.9,2,medium,5.57,94.0,0.1,12.27733
Romania,2013,Developed,74.6,138.0,2,9.59,1230.748231,96.0,1159,59.2,2,low,5.6,92.0,0.1,9585.266593
Romania,2012,Developed,74.4,138.0,2,9.58,1078.358105,96.0,7450,58.4,2,medium,5.48,91.0,0.1,8558.39766
Romania,2011,Developed,74.3,139.0,2,9.1,10.32588862,96.0,4189,57.7,2,medium,5.53,89.0,0.1,92.277825
Romania,2010,Developed,73.4,153.0,2,9.0,983.2518091,98.0,193,56.9,2,medium,5.83,94.0,0.1,8297.483621
Romania,2009,Developed,73.1,158.0,2,10.4,14.96373588,95.0,8,56.3,3,medium,5.56,95.0,0.1,822.18329
Romania,2008,Developed,73.1,159.0,2,11.9,128.0805702,97.0,12,55.6,3,medium,5.33,96.0,0.1,1136.47356
Romania,2007,Developed,72.9,154.0,3,10.6,919.1673438,99.0,353,55.0,3,high,5.21,96.0,0.1,8214.185378
Romania,2006,Developed,72.5,157.0,3,8.51,665.6427546,99.0,3196,54.4,4,high,5.6,97.0,0.1,5828.745662
Romania,2005,Developed,71.9,162.0,3,7.68,615.4030781,98.0,5043,53.9,4,high,5.47,97.0,0.1,4676.315183
Romania,2004,Developed,71.7,165.0,4,9.82,431.3250367,99.0,117,53.4,4,high,5.43,97.0,0.1,3552.92452
Romania,2003,Developed,71.1,174.0,4,8.78,375.1740323,98.0,9,52.9,4,high,5.3,97.0,0.1,2774.95586
Romania,2002,Developed,77.0,178.0,4,9.62,37.82275031,99.0,14,52.4,5,high,4.57,98.0,0.1,2124.873613
Romania,2001,Developed,78.0,179.0,4,9.78,180.1095132,98.0,10,51.9,5,very high,4.36,99.0,0.1,1839.72945
Romania,2000,Developed,77.0,175.0,4,10.16,152.6368899,98.0,35,51.4,5,very high,4.33,99.0,0.1,1668.162731
Russian Federation,2015,Developing,75.0,222.0,13,,0.0,97.0,843,6.5,15,high,,97.0,0.1,9329.298351
Russian Federation,2014,Developing,73.0,225.0,13,10.12,1340.553699,97.0,4711,59.9,15,high,7.7,97.0,0.1,14125.961
Russian Federation,2013,Developing,70.0,229.0,14,10.58,1529.497771,97.0,2339,59.3,16,high,7.9,97.0,0.2,15543.67653
Russian Federation,2012,Developing,69.6,237.0,14,10.99,178.8225911,97.0,2123,58.7,16,high,6.88,97.0,0.3,15154.45687
Russian Federation,2011,Developing,69.4,242.0,14,11.04,184.764931,97.0,629,58.1,17,high,6.61,97.0,0.3,14212.687
Russian Federation,2010,Developing,68.4,256.0,15,11.05,162.8088054,97.0,129,57.5,17,high,6.83,97.0,0.2,1674.98771
Russian Federation,2009,Developing,68.2,261.0,15,11.21,137.0063357,98.0,101,57.0,18,high,7.44,98.0,0.3,8562.89598
Russian Federation,2008,Developing,67.5,278.0,16,12.04,161.7301654,98.0,27,56.6,18,high,6.22,98.0,0.3,11635.2637
Russian Federation,2007,Developing,67.3,282.0,16,12.19,11.02617159,98.0,173,56.1,19,high,5.38,98.0,0.3,911.25385
Russian Federation,2006,Developing,66.4,3.0,17,11.79,12.25184084,98.0,1147,55.7,20,high,5.3,98.0,0.3,692.194398
Russian Federation,2005,Developing,65.0,327.0,18,11.57,625.5081805,97.0,454,55.3,20,high,5.21,98.0,0.3,5323.473877
Russian Federation,2004,Developing,64.9,321.0,19,11.5,46.51559476,96.0,2444,55.0,21,high,5.19,97.0,0.3,412.372294
Russian Federation,2003,Developing,64.6,322.0,20,11.32,333.2148711,94.0,3291,54.7,22,high,5.61,96.0,0.4,2975.132778
Russian Federation,2002,Developing,64.8,313.0,20,10.87,266.5416917,81.0,580,54.5,24,high,5.99,97.0,0.3,2375.5944
Russian Federation,2001,Developing,65.1,38.0,21,10.47,2.642527148,43.0,2072,54.2,25,high,5.67,96.0,0.3,21.362386
Russian Federation,2000,Developing,65.0,37.0,22,10.18,224.4600248,,4800,54.0,26,high,5.42,96.0,0.2,1771.58662
Rwanda,2015,Developing,66.1,227.0,11,,0.0,98.0,1,21.4,15,very high,,98.0,0.4,71.348397
Rwanda,2014,Developing,65.7,23.0,12,0.01,7.549797238,98.0,10,2.8,16,high,7.53,98.0,0.4,76.5699517
Rwanda,2013,Developing,65.2,233.0,12,0.01,11.71090655,98.0,17,2.1,17,high,7.69,98.0,0.5,688.8768557
Rwanda,2012,Developing,64.6,239.0,13,0.01,9.774676411,98.0,75,19.5,18,high,7.68,98.0,0.7,678.796973
Rwanda,2011,Developing,63.8,247.0,14,8.34,9.074569426,97.0,31,18.9,20,medium,7.71,97.0,1.3,617.317648
Rwanda,2010,Developing,62.8,26.0,16,7.92,63.78723633,97.0,121,18.3,23,medium,7.91,97.0,2.3,563.491487
Rwanda,2009,Developing,61.0,288.0,17,7.11,9.165614959,97.0,5,17.7,25,medium,7.2,97.0,2.8,539.1538211
Rwanda,2008,Developing,68.0,282.0,18,6.39,0.661540371,97.0,6,17.1,28,high,7.66,97.0,3.7,5.6687264
Rwanda,2007,Developing,59.6,295.0,20,6.78,7.409771603,97.0,26,16.5,30,high,8.49,97.0,5.0,44.853339
Rwanda,2006,Developing,57.6,328.0,22,6.88,78.47020226,99.0,494,15.9,34,very high,1.2,99.0,6.2,342.3656294
Rwanda,2005,Developing,55.3,37.0,24,7.01,39.44666715,95.0,129,15.4,38,medium,6.83,95.0,7.1,287.931877
Rwanda,2004,Developing,53.4,397.0,26,6.75,31.93566186,89.0,386,14.9,42,medium,6.24,89.0,7.7,236.9114381
Rwanda,2003,Developing,52.0,48.0,29,6.66,33.30286123,96.0,1064,14.5,46,high,6.34,96.0,8.1,212.6619491
Rwanda,2002,Developing,57.0,415.0,31,7.82,1.9659778,88.0,2738,14.1,50,low,4.18,88.0,8.0,196.59778
Rwanda,2001,Developing,48.6,438.0,33,5.72,0.388253772,,896,13.7,54,low,4.38,77.0,8.1,21.569654
Rwanda,2000,Developing,48.3,426.0,34,7.13,18.41791804,,2095,13.2,57,very low,4.22,9.0,8.5,216.172747
Saint Kitts and Nevis,2013,Developing,,,0,8.54,0.0,97.0,0,5.2,0,high,6.14,96.0,0.1,
Saint Lucia,2015,Developing,75.2,138.0,0,,0.0,99.0,0,47.5,0,very high,,99.0,0.1,
Saint Lucia,2014,Developing,75.0,139.0,0,9.97,0.0,99.0,0,46.7,0,very high,6.72,99.0,0.1,
Saint Lucia,2013,Developing,74.8,141.0,0,9.73,0.0,99.0,0,45.9,0,very high,7.85,99.0,0.1,
Saint Lucia,2012,Developing,74.7,142.0,0,9.99,0.0,98.0,0,45.2,0,high,8.35,98.0,0.1,
Saint Lucia,2011,Developing,74.6,143.0,0,10.43,0.0,99.0,0,44.5,0,very high,7.58,99.0,0.1,
Saint Lucia,2010,Developing,74.2,147.0,0,10.87,0.0,97.0,0,43.8,0,high,8.1,97.0,0.1,
Saint Lucia,2009,Developing,74.3,147.0,0,11.09,0.0,95.0,0,43.0,0,medium,8.12,95.0,0.1,
Saint Lucia,2008,Developing,74.1,149.0,0,12.09,0.0,96.0,0,42.2,0,high,7.43,96.0,0.1,
Saint Lucia,2007,Developing,73.9,151.0,0,12.68,0.0,99.0,0,41.3,0,very high,6.81,99.0,0.1,
Saint Lucia,2006,Developing,73.5,155.0,0,13.45,0.0,85.0,0,4.4,0,low,6.37,85.0,0.1,
Saint Lucia,2005,Developing,73.1,16.0,0,12.32,0.0,95.0,0,39.6,0,medium,6.25,95.0,0.2,
Saint Lucia,2004,Developing,72.6,166.0,0,11.93,0.0,91.0,0,39.0,0,medium,6.2,91.0,0.2,
Saint Lucia,2003,Developing,72.2,171.0,0,12.55,0.0,84.0,0,38.4,0,medium,6.1,9.0,0.2,
Saint Lucia,2002,Developing,72.0,174.0,0,11.85,0.0,14.0,0,37.9,0,very low,6.33,74.0,0.1,
Saint Lucia,2001,Developing,71.8,178.0,0,12.03,0.0,,0,37.3,0,very high,6.1,99.0,0.3,
Saint Lucia,2000,Developing,71.6,183.0,0,11.69,0.0,,0,36.8,0,very low,5.53,7.0,0.4,
Saint Vincent and the Grenadines,2015,Developing,73.2,156.0,0,,0.0,98.0,0,54.1,0,high,,98.0,0.1,
Saint Vincent and the Grenadines,2014,Developing,73.1,157.0,0,7.01,0.0,98.0,0,53.1,0,high,8.63,98.0,0.1,
Saint Vincent and the Grenadines,2013,Developing,72.7,161.0,0,7.07,0.0,97.0,0,52.2,0,high,5.21,97.0,0.1,
Saint Vincent and the Grenadines,2012,Developing,72.8,159.0,0,6.93,0.0,96.0,0,51.2,0,high,8.48,96.0,0.1,
Saint Vincent and the Grenadines,2011,Developing,72.7,16.0,0,7.02,0.0,96.0,0,5.3,0,high,4.99,96.0,0.1,
Saint Vincent and the Grenadines,2010,Developing,72.5,162.0,0,7.0,0.0,99.0,0,49.3,0,very high,4.71,99.0,0.1,
Saint Vincent and the Grenadines,2009,Developing,72.3,165.0,0,6.85,0.0,99.0,0,48.4,0,very high,5.13,99.0,0.2,
Saint Vincent and the Grenadines,2008,Developing,72.1,167.0,0,6.92,0.0,99.0,0,47.5,0,very high,4.7,99.0,0.3,
Saint Vincent and the Grenadines,2007,Developing,71.9,17.0,0,5.89,0.0,99.0,0,46.6,0,very high,3.92,99.0,0.3,
Saint Vincent and the Grenadines,2006,Developing,71.7,173.0,0,5.93,0.0,99.0,0,45.7,0,very high,3.88,99.0,0.3,
Saint Vincent and the Grenadines,2005,Developing,71.4,177.0,0,6.04,0.0,99.0,0,44.7,0,medium,3.66,99.0,0.2,
Saint Vincent and the Grenadines,2004,Developing,71.2,181.0,0,5.42,0.0,99.0,0,43.8,0,very high,3.72,99.0,0.4,
Saint Vincent and the Grenadines,2003,Developing,71.0,184.0,0,5.1,0.0,31.0,0,42.9,0,very high,3.91,99.0,0.4,
Saint Vincent and the Grenadines,2002,Developing,79.0,186.0,0,4.94,0.0,,0,42.0,0,very high,3.93,99.0,0.4,
Saint Vincent and the Grenadines,2001,Developing,79.0,186.0,0,4.73,0.0,,0,41.0,0,very high,3.64,99.0,0.7,
Saint Vincent and the Grenadines,2000,Developing,79.0,186.0,0,4.8,0.0,,0,4.1,0,very high,3.73,98.0,0.7,
Samoa,2015,Developing,74.0,125.0,0,,0.0,59.0,0,74.7,0,very low,,66.0,0.1,4149.363444
Samoa,2014,Developing,73.8,128.0,0,0.01,660.2777923,56.0,0,74.3,0,very low,7.22,63.0,0.1,4178.973369
Samoa,2013,Developing,73.6,131.0,0,0.01,698.3522786,6.0,0,73.8,0,very low,6.91,67.0,0.1,4219.65123
Samoa,2012,Developing,73.2,136.0,0,0.01,492.0552263,64.0,1,73.4,0,very low,5.2,64.0,0.1,4234.554443
Samoa,2011,Developing,73.0,139.0,0,2.15,558.7206486,58.0,0,72.9,0,very low,5.8,65.0,0.1,3942.9827
Samoa,2010,Developing,72.6,144.0,0,3.01,434.7940679,57.0,8,72.5,0,very low,5.7,62.0,0.1,3453.487434
Samoa,2009,Developing,76.0,172.0,0,2.88,42.12368374,44.0,0,72.0,0,very low,5.4,49.0,0.1,335.112838
Samoa,2008,Developing,72.5,146.0,0,3.97,47.35260547,12.0,0,71.4,0,very low,4.52,26.0,0.1,359.82223
Samoa,2007,Developing,72.2,149.0,0,3.85,47.73638191,46.0,0,7.9,0,very low,5.25,53.0,0.1,322.543121
Samoa,2006,Developing,72.0,153.0,0,3.52,40.22855669,35.0,0,7.3,0,very low,4.68,39.0,0.1,287.963899
Samoa,2005,Developing,71.6,16.0,0,3.63,287.4671305,41.0,0,69.7,0,very low,4.47,49.0,0.1,2571.262348
Samoa,2004,Developing,71.4,162.0,0,3.62,310.6117683,54.0,0,68.9,0,very low,4.45,55.0,0.1,2351.33814
Samoa,2003,Developing,79.0,169.0,0,4.17,24.99717134,83.0,0,68.2,0,low,4.71,83.0,0.1,197.29417
Samoa,2002,Developing,76.0,174.0,0,3.3,208.1688437,86.0,0,67.4,0,low,5.1,86.0,0.1,1631.41727
Samoa,2001,Developing,75.0,175.0,0,3.43,199.4118322,89.0,0,66.5,0,low,5.16,85.0,0.1,1555.47451
Samoa,2000,Developing,72.0,18.0,0,3.0,21.2543002,89.0,0,65.6,0,medium,5.31,95.0,0.1,154.68923
San Marino,2013,Developing,,,0,0.01,0.0,69.0,0,,0,very low,6.5,69.0,0.1,
Sao Tome and Principe,2015,Developing,67.5,19.0,0,,0.0,96.0,0,3.9,0,high,,96.0,0.2,1624.63963
Sao Tome and Principe,2014,Developing,67.3,191.0,0,0.01,225.7307751,95.0,0,3.1,0,medium,8.35,95.0,0.2,1821.878734
Sao Tome and Principe,2013,Developing,67.1,192.0,0,0.01,200.6600988,97.0,0,29.3,0,high,9.76,97.0,0.2,1619.532678
Sao Tome and Principe,2012,Developing,66.9,194.0,0,0.01,8.198047581,96.0,0,28.5,0,high,8.6,96.0,0.5,138.949959
Sao Tome and Principe,2011,Developing,66.6,198.0,0,5.69,7.495401346,96.0,0,27.7,0,high,5.44,96.0,0.5,134.326189
Sao Tome and Principe,2010,Developing,66.2,24.0,0,5.58,63.04032682,98.0,0,26.9,0,high,5.24,98.0,0.5,1129.754961
Sao Tome and Principe,2009,Developing,65.8,21.0,0,4.13,11.13608747,98.0,0,26.2,0,very high,6.65,98.0,0.9,199.57146
Sao Tome and Principe,2008,Developing,65.4,215.0,0,4.36,62.8565863,99.0,0,25.4,0,very high,5.66,99.0,0.9,1126.46212
Sao Tome and Principe,2007,Developing,65.1,217.0,0,4.14,49.93698173,87.0,0,24.7,0,high,7.44,97.0,1.2,894.927988
Sao Tome and Principe,2006,Developing,64.7,22.0,0,5.46,47.08931143,75.0,0,24.0,0,high,7.84,97.0,1.2,843.89447
Sao Tome and Principe,2005,Developing,64.3,222.0,0,5.27,10.8139134,96.0,0,23.4,0,high,1.4,97.0,1.6,81.86157
Sao Tome and Principe,2004,Developing,63.8,224.0,0,5.78,9.013493879,7.0,0,22.8,0,very high,9.94,96.0,1.6,693.345683
Sao Tome and Principe,2003,Developing,63.4,225.0,0,6.54,86.42744056,43.0,0,22.2,0,medium,11.12,94.0,1.6,649.342153
Sao Tome and Principe,2002,Developing,63.1,226.0,0,5.8,50.80181435,,0,21.7,0,medium,1.21,92.0,1.4,555.8185378
Sao Tome and Principe,2001,Developing,62.8,225.0,0,5.02,3.841228575,,0,21.1,0,very low,1.28,92.0,1.5,51.216381
Sao Tome and Principe,2000,Developing,62.6,224.0,0,5.07,0.0,,0,2.7,0,low,8.86,82.0,1.5,
Saudi Arabia,2015,Developing,74.5,88.0,7,,0.0,98.0,219,68.2,8,high,,98.0,0.1,2732.86172
Saudi Arabia,2014,Developing,74.4,88.0,7,0.09,2017.643131,98.0,154,67.3,9,high,4.68,98.0,0.1,24575.434
Saudi Arabia,2013,Developing,74.3,89.0,8,0.09,2047.113102,98.0,1164,66.4,9,high,4.25,98.0,0.1,24934.38614
Saudi Arabia,2012,Developing,74.1,9.0,8,0.09,196.3808305,98.0,294,65.6,9,high,3.86,98.0,0.1,2533.9462
Saudi Arabia,2011,Developing,73.9,92.0,8,0.09,173.5755595,98.0,362,64.7,9,high,3.57,98.0,0.1,2377.74739
Saudi Arabia,2010,Developing,73.7,94.0,8,0.09,1197.946328,98.0,334,63.9,9,high,3.49,98.0,0.1,19259.58726
Saudi Arabia,2009,Developing,73.4,97.0,8,0.09,117.9227998,98.0,82,63.1,10,high,4.9,98.0,0.1,1694.2931
Saudi Arabia,2008,Developing,73.3,98.0,9,0.09,15.50666857,98.0,158,62.4,10,high,2.87,98.0,0.1,237.83234
Saudi Arabia,2007,Developing,73.2,99.0,9,0.1,1307.89002,96.0,4648,61.6,10,high,3.49,96.0,0.1,16472.1665
Saudi Arabia,2006,Developing,73.2,1.0,9,0.08,1395.454965,96.0,807,6.9,10,high,3.55,96.0,0.1,15334.66994
Saudi Arabia,2005,Developing,73.1,11.0,9,0.05,1117.048134,97.0,373,6.2,10,high,3.42,96.0,0.1,13739.82945
Saudi Arabia,2004,Developing,73.1,12.0,9,0.06,816.4795082,96.0,1880,59.4,11,high,3.58,96.0,0.1,11138.8746
Saudi Arabia,2003,Developing,73.0,13.0,9,0.05,832.3688708,95.0,1208,58.5,11,medium,4.2,95.0,0.1,9567.458285
Saudi Arabia,2002,Developing,72.9,15.0,10,0.05,688.0972667,97.0,311,57.7,11,medium,4.28,95.0,0.1,8655.311531
Saudi Arabia,2001,Developing,72.8,17.0,10,0.05,710.4952397,95.0,155,56.9,12,high,4.49,97.0,0.1,8643.4944
Saudi Arabia,2000,Developing,72.6,11.0,10,0.05,782.1799815,93.0,0,56.2,12,medium,4.24,95.0,0.1,9126.954277
Senegal,2015,Developing,66.7,188.0,19,,0.0,89.0,58,24.3,26,low,,89.0,0.3,98.7256145
Senegal,2014,Developing,66.4,192.0,19,0.26,12.80528533,89.0,32,23.8,27,low,4.66,89.0,0.3,152.443873
Senegal,2013,Developing,66.0,196.0,20,0.26,11.8385319,92.0,17,23.2,28,medium,4.51,92.0,0.3,148.912351
Senegal,2012,Developing,65.6,2.0,20,0.28,10.20659464,91.0,46,22.7,29,low,4.31,91.0,0.4,136.4518
Senegal,2011,Developing,64.9,26.0,20,0.32,1.431051664,92.0,18,22.2,31,medium,4.42,92.0,0.4,18.25321
Senegal,2010,Developing,64.3,212.0,21,0.28,1.020071763,89.0,428,21.7,32,low,4.62,89.0,0.4,11.631377
Senegal,2009,Developing,63.5,219.0,21,0.3,1.177477677,86.0,999,21.2,33,low,4.81,86.0,0.5,12.566464
Senegal,2008,Developing,62.8,225.0,22,0.28,1.08833088,88.0,6,2.8,34,low,4.94,88.0,0.6,11.33678
Senegal,2007,Developing,62.1,23.0,22,0.32,8.309152927,94.0,11,2.3,36,medium,4.72,94.0,0.7,95.3978522
Senegal,2006,Developing,61.3,236.0,23,0.34,10.43022617,89.0,3,19.9,38,medium,5.44,89.0,0.7,89.838296
Senegal,2005,Developing,65.0,242.0,23,0.33,96.03725103,84.0,0,19.5,40,low,5.35,84.0,0.7,773.8698713
Senegal,2004,Developing,59.7,247.0,24,0.35,66.02236299,54.0,31,19.1,42,low,5.68,87.0,0.7,733.581811
Senegal,2003,Developing,59.0,251.0,25,0.33,62.21977893,,1519,18.7,44,very low,5.4,73.0,0.7,642.7663113
Senegal,2002,Developing,58.4,252.0,25,0.36,49.73511396,,18184,18.3,47,very low,5.6,6.0,0.7,513.26227
Senegal,2001,Developing,57.9,251.0,26,0.34,6.064221202,,24789,17.9,49,very low,4.98,52.0,0.6,481.287397
Senegal,2000,Developing,57.5,25.0,27,0.29,5.397368532,,5839,17.5,50,very low,4.63,52.0,0.5,473.45338
Serbia,2015,Developing,75.6,121.0,1,,0.0,94.0,383,6.0,1,medium,,95.0,0.1,5237.255334
Serbia,2014,Developing,75.4,123.0,1,9.09,8.617208431,92.0,37,59.4,1,medium,1.37,93.0,0.1,62.173221
Serbia,2013,Developing,75.3,122.0,1,9.16,880.6403367,91.0,1,58.9,1,high,1.12,95.0,0.1,6353.826383
Serbia,2012,Developing,74.9,126.0,1,9.38,742.5109709,97.0,0,58.3,1,medium,9.89,91.0,0.1,5659.3824
Serbia,2011,Developing,74.6,127.0,1,9.56,915.3190791,94.0,370,57.7,1,medium,9.72,94.0,0.1,6423.291783
Serbia,2010,Developing,74.4,128.0,1,9.65,774.4396617,89.0,20,57.0,1,medium,1.9,91.0,0.1,5411.87744
Serbia,2009,Developing,74.1,131.0,1,9.85,820.8109098,93.0,1,56.4,1,high,9.9,95.0,0.1,5821.35397
Serbia,2008,Developing,74.0,132.0,1,9.54,96.33237912,93.0,2,55.8,1,medium,1.5,95.0,0.1,671.773913
Serbia,2007,Developing,73.8,132.0,1,9.3,772.8700353,99.0,201,55.1,1,medium,1.2,94.0,0.1,5458.121718
Serbia,2006,Developing,73.6,133.0,1,8.58,541.8243468,93.0,2,54.5,1,high,8.99,92.0,0.1,4129.758741
Serbia,2005,Developing,73.0,135.0,1,9.6,503.1115947,65.0,2,53.9,1,high,8.7,98.0,0.1,3528.1318
Serbia,2004,Developing,73.0,134.0,1,7.42,462.7076756,89.0,11,53.3,1,high,8.24,88.0,0.1,3331.228766
Serbia,2003,Developing,73.0,134.0,1,7.25,389.7515212,,15,52.8,1,medium,8.13,89.0,0.1,2832.49652
Serbia,2002,Developing,72.9,133.0,1,6.95,292.6142378,,63,52.2,1,medium,8.9,95.0,0.1,2149.9944
Serbia,2001,Developing,73.1,135.0,1,7.53,222.5065705,,35,51.7,1,medium,6.89,93.0,0.1,1634.87561
Serbia,2000,Developing,72.6,141.0,1,7.38,11.85928108,,38,51.2,2,high,6.53,95.0,0.1,87.1365252
Seychelles,2015,Developing,73.2,168.0,0,,0.0,98.0,0,37.4,0,high,,97.0,0.1,1539.464
Seychelles,2014,Developing,73.0,17.0,0,0.01,151.1045552,99.0,0,36.2,0,very high,3.37,99.0,0.1,1557.77892
Seychelles,2013,Developing,72.9,172.0,0,0.01,1521.672751,99.0,0,35.5,0,high,3.58,98.0,0.1,15687.34795
Seychelles,2012,Developing,72.7,174.0,0,0.01,177.2633961,99.0,0,34.8,0,high,4.8,98.0,0.1,12845.17363
Seychelles,2011,Developing,72.6,177.0,0,9.72,1121.475547,99.0,0,34.2,0,very high,3.38,99.0,0.1,12189.9516
Seychelles,2010,Developing,72.4,18.0,0,6.51,16.49232317,99.0,0,33.5,0,very high,3.59,99.0,0.1,184.68447
Seychelles,2009,Developing,72.3,182.0,0,4.94,75.2256582,99.0,0,32.4,0,very high,2.64,99.0,0.1,976.9566
Seychelles,2008,Developing,72.2,184.0,0,6.33,701.8526364,99.0,0,31.8,0,very high,2.64,99.0,0.1,11122.8627
Seychelles,2007,Developing,72.2,185.0,0,8.12,916.4741775,99.0,1,31.2,0,very high,3.3,99.0,0.1,12154.82994
Seychelles,2006,Developing,72.2,185.0,0,8.12,102.373909,99.0,10,3.7,0,very high,3.73,99.0,0.1,1214.39987
Seychelles,2005,Developing,72.2,185.0,0,7.82,21.4653132,99.0,0,3.1,0,very high,3.91,99.0,0.1,1192.5174
Seychelles,2004,Developing,72.1,186.0,0,7.91,12.94324581,99.0,0,29.2,0,very high,4.17,99.0,0.1,1176.65871
Seychelles,2003,Developing,72.1,185.0,0,7.41,843.1186662,99.0,0,28.7,0,very high,4.64,99.0,0.1,8524.961236
Seychelles,2002,Developing,72.1,186.0,0,11.15,562.3601848,99.0,0,28.1,0,very high,4.21,99.0,0.1,8331.261997
Seychelles,2001,Developing,72.0,187.0,0,6.72,643.7035752,96.0,0,27.6,0,high,4.45,96.0,0.1,7663.1378
Seychelles,2000,Developing,71.8,188.0,0,8.24,601.7608115,98.0,0,27.1,0,high,4.62,98.0,0.1,7578.85153
Sierra Leone,2015,Developing,51.0,413.0,22,,0.0,86.0,607,24.4,30,low,,86.0,0.5,587.538233
Sierra Leone,2014,Developing,48.1,463.0,23,0.01,1.443286353,83.0,1006,23.8,32,low,11.9,83.0,0.6,78.4394757
Sierra Leone,2013,Developing,54.0,47.0,23,0.01,1.321464076,92.0,15,23.3,33,medium,11.59,92.0,0.8,71.8186998
Sierra Leone,2012,Developing,49.7,411.0,25,0.01,54.56033696,91.0,678,22.7,35,medium,11.24,91.0,0.9,561.8984239
Sierra Leone,2011,Developing,48.9,418.0,26,3.78,54.6659175,89.0,1865,22.2,38,low,11.98,89.0,1.3,445.525
Sierra Leone,2010,Developing,48.1,424.0,27,3.84,5.347717533,86.0,1089,21.7,40,low,1.32,86.0,1.6,45.128418
Sierra Leone,2009,Developing,47.1,433.0,28,3.97,49.8371267,84.0,31,21.2,42,low,13.13,84.0,1.7,394.5932439
Sierra Leone,2008,Developing,46.2,441.0,29,3.91,5.379606465,77.0,44,2.7,44,low,1.29,77.0,1.9,46.3759178
Sierra Leone,2007,Developing,45.3,45.0,29,3.86,45.57108889,63.0,0,2.2,45,very low,1.12,64.0,2.2,358.8274716
Sierra Leone,2006,Developing,44.3,464.0,30,3.8,38.00075788,,33,19.7,46,very low,1.68,64.0,2.2,322.313468
Sierra Leone,2005,Developing,43.3,48.0,30,3.83,42.08892911,,29,19.2,47,very low,12.25,65.0,2.2,287.6891942
Sierra Leone,2004,Developing,42.3,496.0,30,3.99,38.52454761,,7,18.8,47,very low,11.66,65.0,2.1,263.145817
Sierra Leone,2003,Developing,41.5,57.0,30,4.07,38.61473209,,586,18.4,47,very low,11.69,73.0,1.9,263.7618312
Sierra Leone,2002,Developing,48.0,513.0,30,4.06,36.59114895,,568,17.9,48,very low,11.96,53.0,1.7,249.939542
Sierra Leone,2001,Developing,41.0,519.0,30,4.21,33.34691455,,649,17.5,48,very low,11.83,38.0,1.5,227.779471
Sierra Leone,2000,Developing,39.0,533.0,29,3.97,20.39568283,,3575,17.2,48,very low,13.63,44.0,1.2,139.3147734
Singapore,2015,Developed,83.1,55.0,0,1.79,0.0,96.0,0,33.2,0,high,,96.0,0.1,53629.73746
Singapore,2014,Developed,82.9,56.0,0,1.83,7971.646361,96.0,0,32.9,0,high,4.92,96.0,0.1,56336.7234
Singapore,2013,Developed,82.7,57.0,0,1.83,714.3441019,97.0,138,32.7,0,high,4.53,97.0,0.1,5629.18914
Singapore,2012,Developed,82.5,59.0,0,1.89,6041.858981,97.0,42,32.4,0,high,4.22,97.0,0.1,54431.16199
Singapore,2011,Developed,82.2,6.0,0,1.8,638.0001097,96.0,148,32.1,0,high,3.93,96.0,0.1,53166.67581
Singapore,2010,Developed,82.0,61.0,0,1.84,4540.543752,96.0,50,31.8,0,high,3.96,96.0,0.1,46569.67951
Singapore,2009,Developed,81.7,62.0,0,1.73,462.9306986,96.0,16,31.5,0,high,4.27,97.0,0.1,38577.55822
Singapore,2008,Developed,81.4,64.0,0,1.7,3404.13099,97.0,18,31.2,0,high,3.91,97.0,0.1,39721.4818
Singapore,2007,Developed,81.1,65.0,0,1.6,3082.973535,96.0,15,3.9,0,high,3.46,97.0,0.1,39223.58187
Singapore,2006,Developed,87.0,66.0,0,1.55,2639.376955,95.0,23,3.5,0,medium,3.66,95.0,0.1,33579.85948
Singapore,2005,Developed,82.0,69.0,0,1.49,2356.731479,96.0,33,3.2,0,high,3.74,96.0,0.1,29869.85398
Singapore,2004,Developed,79.7,71.0,0,1.45,204.2481892,94.0,96,29.9,0,medium,3.17,95.0,0.1,2745.27136
Singapore,2003,Developed,79.3,73.0,0,1.43,2263.068326,95.0,33,29.6,0,high,3.63,96.0,0.1,23573.6284
Singapore,2002,Developed,79.0,74.0,0,2.16,142.0989818,95.0,211,29.2,0,medium,2.84,94.0,0.1,2216.83279
Singapore,2001,Developed,78.7,76.0,0,2.08,1003.366877,95.0,408,28.9,0,medium,2.37,96.0,0.1,21577.7823
Singapore,2000,Developed,78.3,78.0,0,2.03,1855.828806,97.0,141,28.5,0,high,2.71,98.0,0.1,23792.677
Slovakia,2015,Developed,76.7,19.0,0,,0.0,96.0,1,59.1,0,high,,96.0,0.1,
Slovakia,2014,Developed,76.4,113.0,0,10.6,0.0,97.0,0,58.4,0,high,8.5,97.0,0.1,
Slovakia,2013,Developed,76.1,114.0,0,9.89,0.0,98.0,0,57.8,0,high,8.0,98.0,0.1,
Slovakia,2012,Developed,75.8,118.0,0,10.12,0.0,99.0,0,57.2,0,very high,8.15,99.0,0.1,
Slovakia,2011,Developed,75.6,122.0,0,10.24,0.0,99.0,0,56.5,0,very high,7.96,99.0,0.1,
Slovakia,2010,Developed,75.1,124.0,0,10.13,0.0,99.0,0,55.9,0,very high,8.51,99.0,0.1,
Slovakia,2009,Developed,75.0,131.0,0,10.63,0.0,99.0,0,55.3,0,very high,9.15,99.0,0.1,
Slovakia,2008,Developed,74.7,136.0,0,11.37,0.0,99.0,0,54.8,0,very high,8.2,99.0,0.1,
Slovakia,2007,Developed,74.4,14.0,0,10.58,0.0,99.0,0,54.2,0,very high,7.76,99.0,0.1,
Slovakia,2006,Developed,74.3,138.0,0,10.28,0.0,99.0,0,53.7,0,very high,7.35,99.0,0.1,
Slovakia,2005,Developed,74.0,141.0,0,10.81,0.0,99.0,0,53.1,0,very high,7.4,99.0,0.1,
Slovakia,2004,Developed,74.1,138.0,0,10.03,0.0,99.0,2,52.6,0,very high,7.21,99.0,0.1,
Slovakia,2003,Developed,73.8,144.0,0,9.85,0.0,99.0,1,52.1,0,high,5.82,99.0,0.1,
Slovakia,2002,Developed,73.7,145.0,0,10.78,0.0,99.0,0,51.6,0,high,5.63,99.0,0.1,
Slovakia,2001,Developed,73.3,145.0,0,10.73,0.0,99.0,0,51.1,1,very high,5.5,99.0,0.1,
Slovakia,2000,Developed,73.0,147.0,0,11.06,0.0,98.0,0,5.7,1,high,5.5,99.0,0.1,
Slovenia,2015,Developed,88.0,74.0,0,,0.0,,18,6.1,0,medium,,95.0,0.1,2729.86383
Slovenia,2014,Developed,87.0,76.0,0,10.46,31.13492794,,52,59.5,0,medium,9.23,95.0,0.1,242.67286
Slovenia,2013,Developed,85.0,78.0,0,9.53,259.7786785,,1,58.9,0,medium,9.29,95.0,0.1,2315.31799
Slovenia,2012,Developed,82.0,81.0,0,10.95,3283.024864,,2,58.2,0,high,9.37,96.0,0.1,22486.47167
Slovenia,2011,Developed,79.8,84.0,0,10.61,3343.026219,,22,57.6,0,high,9.8,96.0,0.1,24985.24827
Slovenia,2010,Developed,79.5,87.0,0,10.32,3187.496219,,2,57.0,0,high,9.7,96.0,0.1,23437.4722
Slovenia,2009,Developed,79.1,9.0,0,10.52,3505.389434,,0,56.4,0,high,9.38,96.0,0.1,24633.79785
Slovenia,2008,Developed,78.9,96.0,0,10.94,392.9588536,,0,55.8,0,high,8.47,97.0,0.1,2751.8127
Slovenia,2007,Developed,78.3,12.0,0,11.02,3256.724028,,0,55.2,0,high,7.98,97.0,0.1,23841.31792
Slovenia,2006,Developed,78.1,17.0,0,12.26,2724.17807,,0,54.7,0,high,8.42,97.0,0.1,19726.1265
Slovenia,2005,Developed,77.5,14.0,0,11.14,2503.714258,,0,54.1,0,medium,8.5,95.0,0.1,18169.1891
Slovenia,2004,Developed,77.2,113.0,0,10.0,235.3785281,,0,53.5,0,medium,8.47,94.0,0.1,1726.9151
Slovenia,2003,Developed,76.5,119.0,0,11.58,203.3252124,,0,52.9,0,medium,8.77,95.0,0.1,1488.47154
Slovenia,2002,Developed,76.6,117.0,0,9.29,1617.473418,,0,52.3,0,medium,8.62,93.0,0.1,11814.9994
Slovenia,2001,Developed,76.2,124.0,0,10.8,196.3026243,,0,51.8,0,medium,8.57,92.0,0.1,1479.29634
Slovenia,2000,Developed,76.0,122.0,0,11.9,161.4473853,,0,51.2,0,medium,8.26,91.0,0.1,1227.73677
Solomon Islands,2015,Developing,69.2,177.0,0,,0.0,98.0,0,5.5,0,very high,,98.0,0.1,1922.41388
Solomon Islands,2014,Developing,68.8,183.0,0,0.01,3.718438799,88.0,0,49.7,0,medium,5.5,88.0,0.1,29.652622
Solomon Islands,2013,Developing,68.8,182.0,0,0.01,24.73328608,94.0,0,48.9,0,very high,5.42,94.0,0.1,188.5159
Solomon Islands,2012,Developing,68.7,184.0,0,0.01,247.9492284,99.0,0,48.1,0,very high,5.48,99.0,0.1,1858.689868
Solomon Islands,2011,Developing,68.5,186.0,0,0.99,229.6687488,99.0,0,47.2,0,very high,5.8,99.0,0.1,1642.837974
Solomon Islands,2010,Developing,68.3,188.0,0,1.1,29.5207994,9.0,0,46.4,0,medium,7.47,9.0,0.1,1272.44825
Solomon Islands,2009,Developing,68.1,192.0,0,1.21,244.3976438,92.0,0,45.5,0,high,7.92,92.0,0.1,1158.282672
Solomon Islands,2008,Developing,68.0,193.0,0,1.09,19.74929219,89.0,0,44.7,0,medium,5.97,89.0,0.1,125.79167
Solomon Islands,2007,Developing,67.6,2.0,0,0.85,28.90135229,9.0,0,43.8,0,medium,6.42,9.0,0.1,146.931125
Solomon Islands,2006,Developing,67.6,2.0,0,0.99,240.4851202,99.0,0,43.0,0,very high,6.66,99.0,0.1,948.6592511
Solomon Islands,2005,Developing,67.4,24.0,0,0.9,25.31155956,83.0,0,42.1,0,very low,7.83,89.0,0.1,88.874858
Solomon Islands,2004,Developing,67.1,29.0,0,1.18,195.5259417,81.0,0,41.3,0,medium,5.64,9.0,0.1,818.442619
Solomon Islands,2003,Developing,66.8,215.0,0,1.18,16.83170578,79.0,0,4.4,0,low,6.0,84.0,0.1,744.7657423
Solomon Islands,2002,Developing,66.5,22.0,0,1.08,156.2847968,75.0,0,39.6,0,low,6.9,78.0,0.1,784.9562874
Solomon Islands,2001,Developing,66.2,227.0,0,0.7,325.1114746,83.0,0,38.7,0,low,6.44,84.0,0.1,944.81684
Solomon Islands,2000,Developing,65.8,235.0,0,0.71,4.24926073,81.0,0,37.9,0,low,4.56,86.0,0.1,154.518572
Somalia,2015,Developing,55.0,312.0,50,,0.0,42.0,7497,24.3,80,very low,,42.0,0.7,426.98537
Somalia,2014,Developing,54.3,321.0,51,0.01,0.0,42.0,10229,23.8,80,very low,,42.0,0.8,417.89143
Somalia,2013,Developing,54.2,318.0,51,0.01,0.0,42.0,3173,23.3,81,very low,,42.0,0.8,47.5432354
Somalia,2012,Developing,53.1,336.0,51,0.01,0.0,,9983,22.9,82,very low,,42.0,0.8,
Somalia,2011,Developing,53.1,329.0,51,0.01,0.0,,17298,22.4,82,very low,,41.0,0.8,
Somalia,2010,Developing,52.4,336.0,52,0.01,0.0,,115,22.0,83,very low,,45.0,0.8,
Somalia,2009,Developing,52.2,335.0,52,0.01,0.0,,13,21.5,84,very low,,42.0,0.8,
Somalia,2008,Developing,51.9,336.0,52,0.01,0.0,,1081,21.1,84,very low,,31.0,0.9,
Somalia,2007,Developing,51.5,34.0,52,0.01,0.0,,1149,2.7,84,very low,,4.0,0.9,
Somalia,2006,Developing,51.5,337.0,51,0.01,0.0,,7,2.2,83,very low,,26.0,0.9,
Somalia,2005,Developing,51.6,334.0,50,0.01,0.0,,0,19.8,82,very low,,35.0,0.9,
Somalia,2004,Developing,51.2,341.0,49,0.01,0.0,,12008,19.4,80,very low,,3.0,0.9,
Somalia,2003,Developing,51.1,344.0,48,0.01,0.0,,8257,19.0,78,very low,,4.0,0.9,
Somalia,2002,Developing,58.0,348.0,47,0.01,0.0,,9559,18.6,77,very low,,4.0,0.9,
Somalia,2001,Developing,57.0,352.0,46,0.01,0.0,,3571,18.2,75,very low,,33.0,0.8,
Somalia,2000,Developing,55.0,355.0,45,0.01,0.0,,3965,17.8,74,very low,,33.0,0.8,
South Africa,2015,Developing,62.9,328.0,42,,0.0,75.0,17,51.1,52,low,,75.0,3.6,5769.77258
South Africa,2014,Developing,62.0,347.0,42,7.38,922.0507313,8.0,66,5.3,52,low,8.8,77.0,3.7,6479.625659
South Africa,2013,Developing,69.0,371.0,43,7.34,978.5905287,7.0,25,49.5,54,very low,8.78,73.0,4.5,6876.953821
South Africa,2012,Developing,59.2,48.0,43,7.38,1089.954838,68.0,32,48.7,56,very low,8.79,65.0,7.6,7548.163698
South Africa,2011,Developing,58.9,413.0,43,7.38,123.753335,76.0,92,47.9,58,very low,8.61,69.0,8.5,849.954224
South Africa,2010,Developing,58.0,428.0,43,7.28,1038.885632,71.0,12499,47.2,62,very low,8.5,72.0,11.0,7362.76139
South Africa,2009,Developing,56.5,449.0,46,7.6,782.5987144,74.0,5857,46.4,70,low,8.39,76.0,19.0,5888.6284
South Africa,2008,Developing,55.3,473.0,50,8.19,780.0336423,76.0,39,45.7,75,low,7.75,79.0,23.5,5786.59972
South Africa,2007,Developing,54.5,486.0,51,8.48,805.490079,83.0,31,45.0,79,low,7.53,82.0,26.4,6125.39984
South Africa,2006,Developing,54.0,496.0,54,8.5,732.1255305,83.0,81,44.3,82,low,7.57,82.0,28.1,5631.73485
South Africa,2005,Developing,53.8,498.0,55,8.69,709.3170967,79.0,615,43.6,84,low,7.77,79.0,29.5,5414.634326
South Africa,2004,Developing,53.7,497.0,55,6.96,622.043809,76.0,830,42.9,83,very low,7.93,74.0,29.7,4863.51688
South Africa,2003,Developing,54.0,485.0,55,6.93,519.1563781,71.0,244,42.2,82,very low,8.26,69.0,28.9,3775.68275
South Africa,2002,Developing,54.9,459.0,54,7.04,346.5316007,72.0,1043,41.6,79,very low,8.9,7.0,26.6,2518.398261
South Africa,2001,Developing,56.0,429.0,52,7.38,365.2585722,72.0,1166,4.9,76,very low,8.31,71.0,24.0,2681.781
South Africa,2000,Developing,57.3,397.0,51,7.3,45.96380839,73.0,1459,4.1,73,very low,8.7,73.0,21.3,337.2253
South Sudan,2015,Developing,57.3,332.0,26,,0.0,31.0,878,,39,very low,,31.0,3.4,758.725782
South Sudan,2014,Developing,56.6,343.0,26,,46.0744686,,441,,39,very low,2.74,39.0,3.5,1151.861715
South Sudan,2013,Developing,56.4,345.0,26,,47.44453,,525,,40,very low,2.62,45.0,3.6,1186.11325
South Sudan,2012,Developing,56.0,347.0,26,,38.3382324,,1952,,40,very low,2.77,59.0,3.8,958.45581
South Sudan,2011,Developing,55.4,355.0,27,,0.0,,1256,,41,very low,,61.0,3.9,176.9713
South Sudan,2010,Developing,55.0,359.0,27,,0.0,,0,,41,,,,4.0,1562.239346
South Sudan,2009,Developing,54.3,369.0,27,,0.0,,0,,42,,,,4.2,1264.78998
South Sudan,2008,Developing,53.6,377.0,27,,0.0,,0,,42,,,,4.2,1678.711862
South Sudan,2007,Developing,53.1,381.0,27,,0.0,,0,,43,,,,4.2,
South Sudan,2006,Developing,52.5,383.0,28,,0.0,,0,,43,,,,4.1,
South Sudan,2005,Developing,51.9,383.0,28,,0.0,,0,,44,,,,3.9,
South Sudan,2004,Developing,51.4,383.0,29,,0.0,,0,,45,,,,3.8,
South Sudan,2003,Developing,58.0,383.0,29,,0.0,,0,,46,,,,3.5,
South Sudan,2002,Developing,52.0,382.0,30,,0.0,,0,,48,,,,3.3,
South Sudan,2001,Developing,49.6,381.0,30,,0.0,,0,,49,,,,3.0,
South Sudan,2000,Developing,48.9,38.0,31,,0.0,,0,,50,,,,2.7,
Spain,2015,Developed,82.8,56.0,1,,0.0,97.0,115,66.6,1,high,,97.0,0.1,25683.84565
Spain,2014,Developed,82.6,58.0,1,0.01,42.98847625,96.0,154,66.0,1,high,9.3,97.0,0.1,296.47225
Spain,2013,Developed,82.4,6.0,1,9.25,423.680459,95.0,131,65.4,2,high,9.1,96.0,0.1,2921.9342
Spain,2012,Developed,82.0,61.0,1,9.35,4255.781693,96.0,1204,64.8,2,high,9.39,97.0,0.1,28562.29324
Spain,2011,Developed,82.1,63.0,1,9.62,4873.8188,97.0,3802,64.1,2,high,9.48,97.0,0.1,31834.21816
Spain,2010,Developed,81.9,64.0,1,9.78,578.7417172,97.0,302,63.5,2,high,9.56,97.0,0.1,3736.228
Spain,2009,Developed,81.6,66.0,2,9.99,5047.254058,96.0,41,62.9,2,high,9.52,96.0,0.1,32333.4661
Spain,2008,Developed,81.3,7.0,2,10.24,5596.535203,97.0,297,62.3,2,high,8.8,97.0,0.1,35578.73619
Spain,2007,Developed,89.0,72.0,2,11.05,510.9327012,96.0,267,61.7,2,high,8.36,96.0,0.1,3279.414
Spain,2006,Developed,88.0,73.0,2,11.86,4460.390006,97.0,362,61.1,2,high,8.23,98.0,0.1,28482.6948
Spain,2005,Developed,81.0,77.0,2,11.92,405.4475981,96.0,22,6.5,2,high,8.12,96.0,0.1,2651.71745
Spain,2004,Developed,81.0,79.0,2,11.96,3715.370095,97.0,26,59.9,2,high,8.5,97.0,0.1,24918.64584
Spain,2003,Developed,79.4,83.0,2,12.09,3205.019918,81.0,256,59.3,2,very high,7.99,98.0,0.1,21495.7741
Spain,2002,Developed,79.5,83.0,2,12.26,228.3543024,82.0,67,58.8,2,high,7.25,98.0,0.1,1719.53541
Spain,2001,Developed,79.4,84.0,2,9.86,2044.169761,83.0,0,58.2,2,medium,7.24,96.0,0.1,15323.6114
Spain,2000,Developed,79.1,86.0,2,11.12,1934.398154,77.0,152,57.6,2,medium,7.21,95.0,0.1,14676.769
Sri Lanka,2015,Developing,74.9,138.0,3,,0.0,99.0,1568,23.4,3,very high,,99.0,0.1,3844.89123
Sri Lanka,2014,Developing,74.7,141.0,3,2.37,42.7308283,99.0,1686,22.7,3,very high,3.5,99.0,0.1,382.54994
Sri Lanka,2013,Developing,74.6,142.0,3,2.56,41.62053588,99.0,2107,21.9,3,very high,3.68,99.0,0.1,361.289374
Sri Lanka,2012,Developing,74.5,143.0,3,2.8,20.76877311,99.0,51,21.2,4,very high,3.21,99.0,0.1,335.521375
Sri Lanka,2011,Developing,74.5,141.0,3,3.03,20.83302367,99.0,60,2.5,4,very high,3.28,99.0,0.1,322.992615
Sri Lanka,2010,Developing,74.5,138.0,3,2.31,191.7267589,99.0,79,19.8,4,very high,3.43,99.0,0.1,2819.511161
Sri Lanka,2009,Developing,71.8,183.0,4,2.05,13.39092189,97.0,21,19.2,4,high,3.37,97.0,0.1,216.681584
Sri Lanka,2008,Developing,72.3,172.0,4,2.1,17.81424344,98.0,33,18.5,4,high,3.44,98.0,0.1,254.489192
Sri Lanka,2007,Developing,73.7,146.0,4,2.29,127.6377505,98.0,44,17.9,5,high,3.76,98.0,0.1,1644.816372
Sri Lanka,2006,Developing,73.8,145.0,4,1.96,120.2471713,98.0,0,17.2,5,high,4.6,98.0,0.1,1448.7611
Sri Lanka,2005,Developing,74.2,138.0,4,1.97,97.76637062,99.0,3,16.6,5,very high,4.6,99.0,0.1,1259.87591
Sri Lanka,2004,Developing,69.1,197.0,6,1.56,15.35342268,62.0,35,16.1,10,high,4.28,97.0,0.1,174.6692
Sri Lanka,2003,Developing,73.9,146.0,5,1.69,72.4280894,32.0,65,15.6,5,high,3.95,99.0,0.1,989.4547732
Sri Lanka,2002,Developing,73.7,149.0,5,1.62,59.63595674,,139,15.1,5,high,3.89,98.0,0.1,873.1472436
Sri Lanka,2001,Developing,72.7,16.0,5,1.68,53.61278637,,309,14.6,6,high,3.81,98.0,0.1,837.699787
Sri Lanka,2000,Developing,71.5,175.0,5,1.45,60.4909815,,16527,14.1,6,very high,3.77,99.0,0.1,875.412178
Sudan,2015,Developing,64.1,225.0,58,,0.0,93.0,3585,,85,medium,,93.0,0.3,2513.884661
Sudan,2014,Developing,63.8,229.0,59,0.01,253.6086508,94.0,676,,86,medium,8.43,94.0,0.3,2176.89829
Sudan,2013,Developing,63.5,232.0,60,0.01,227.8353208,93.0,2813,,88,medium,8.42,93.0,0.3,1955.66799
Sudan,2012,Developing,63.2,235.0,61,0.01,220.522192,92.0,8523,,89,medium,8.2,92.0,0.3,1892.894352
Sudan,2011,Developing,62.7,241.0,61,2.12,196.6892153,93.0,5616,,91,medium,8.3,93.0,0.3,1666.857757
Sudan,2010,Developing,62.5,243.0,62,1.77,172.0097884,75.0,680,,92,very low,7.97,9.0,0.3,1476.47887
Sudan,2009,Developing,62.0,248.0,63,1.99,17.0536929,72.0,68,,94,low,8.4,81.0,0.3,1226.884381
Sudan,2008,Developing,61.8,251.0,64,2.01,128.6362711,78.0,129,,95,low,8.17,86.0,0.3,1291.528826
Sudan,2007,Developing,61.4,254.0,65,2.01,86.13166944,78.0,327,,97,low,4.72,84.0,0.3,1115.6952
Sudan,2006,Developing,61.0,26.0,66,1.9,60.3368571,6.0,228,,99,low,3.93,78.0,0.2,893.8793645
Sudan,2005,Developing,67.0,261.0,66,1.55,37.59039592,22.0,1374,,101,low,3.18,78.0,0.2,679.7539949
Sudan,2004,Developing,59.7,278.0,68,1.59,37.04479956,,9562,,102,low,3.39,74.0,0.2,565.569459
Sudan,2003,Developing,59.6,278.0,69,1.74,35.35264737,,4381,,104,very low,3.18,69.0,0.2,477.738478
Sudan,2002,Developing,59.4,277.0,70,1.59,30.62287548,,4529,,106,very low,2.95,6.0,0.2,412.1517561
Sudan,2001,Developing,58.9,283.0,71,1.81,28.88069657,,4362,,108,very low,2.96,66.0,0.2,377.5254454
Sudan,2000,Developing,58.6,284.0,71,1.76,30.86000992,,2875,,109,very low,3.23,62.0,0.1,361.35843
Suriname,2015,Developing,71.6,176.0,0,,0.0,89.0,0,58.3,0,medium,,89.0,0.4,8818.982566
Suriname,2014,Developing,71.4,178.0,0,6.32,1132.432517,85.0,0,57.7,0,low,5.69,85.0,0.4,9564.46383
Suriname,2013,Developing,71.2,179.0,0,6.02,1122.972967,86.0,0,57.0,0,low,5.96,86.0,0.4,9484.56898
Suriname,2012,Developing,71.3,178.0,0,5.73,1168.324095,84.0,0,56.3,0,low,6.9,84.0,0.9,9272.413453
Suriname,2011,Developing,76.0,187.0,0,5.64,989.1263558,86.0,0,55.5,0,low,5.93,86.0,0.1,8318.97692
Suriname,2010,Developing,73.0,19.0,0,5.26,99.08095375,86.0,0,54.8,0,high,5.81,96.0,0.5,833.31332
Suriname,2009,Developing,70.0,196.0,0,5.13,885.0739766,87.0,0,54.1,0,low,6.14,87.0,0.6,7443.85178
Suriname,2008,Developing,69.8,196.0,0,4.94,815.4355995,84.0,0,53.3,0,low,5.92,85.0,1.2,6858.163158
Suriname,2007,Developing,69.5,22.0,0,4.72,685.0299083,84.0,0,52.6,0,low,5.92,84.0,0.8,5761.39536
Suriname,2006,Developing,69.3,199.0,0,4.52,72.800168,84.0,0,51.8,0,low,6.22,84.0,0.6,527.92
Suriname,2005,Developing,68.9,25.0,0,4.47,418.9206608,83.0,0,51.1,0,low,6.78,83.0,0.6,3595.8855
Suriname,2004,Developing,68.3,214.0,0,4.55,4.23257668,,0,5.4,0,low,6.88,85.0,0.9,36.48773
Suriname,2003,Developing,68.0,223.0,0,4.53,32.3662077,,0,49.7,0,low,6.62,75.0,1.0,263.1399
Suriname,2002,Developing,67.9,221.0,0,4.41,250.7112373,,0,49.0,0,low,7.14,73.0,1.6,2232.513244
Suriname,2001,Developing,67.7,219.0,0,4.23,191.2135044,,0,48.3,0,very low,8.38,68.0,1.8,1598.77512
Suriname,2000,Developing,67.4,224.0,0,4.29,268.1837972,,0,47.6,0,very low,9.65,71.0,0.4,1888.61829
Swaziland,2015,Developing,58.9,373.0,2,,0.0,9.0,0,32.3,3,low,,9.0,7.1,3136.92511
Swaziland,2014,Developing,58.4,382.0,2,0.01,574.3895102,98.0,0,31.8,3,high,9.25,98.0,7.3,3464.35169
Swaziland,2013,Developing,57.6,393.0,2,0.01,708.9556648,98.0,0,31.2,3,high,9.66,98.0,9.8,3598.75972
Swaziland,2012,Developing,56.5,412.0,2,0.01,720.2333929,95.0,0,3.7,3,medium,8.76,95.0,12.2,3851.51547
Swaziland,2011,Developing,55.0,438.0,2,5.2,735.7090978,91.0,0,3.2,3,low,8.61,91.0,15.7,3934.27325
Swaziland,2010,Developing,53.6,459.0,2,4.93,56.93670561,89.0,313,29.7,4,medium,8.47,89.0,21.6,369.239336
Swaziland,2009,Developing,52.6,46.0,3,4.9,47.6164523,88.0,26,29.3,4,medium,8.46,88.0,33.7,332.517125
Swaziland,2008,Developing,51.4,477.0,3,4.87,413.0063027,9.0,1,28.9,4,medium,8.19,88.0,40.2,2842.438422
Swaziland,2007,Developing,50.0,51.0,3,5.55,43.3664999,92.0,0,28.5,4,low,7.5,87.0,40.7,347.48798
Swaziland,2006,Developing,47.8,564.0,3,5.53,437.0802438,93.0,0,28.2,4,low,6.81,87.0,43.7,2937.36723
Swaziland,2005,Developing,46.0,63.0,3,5.08,372.1651473,95.0,0,27.8,4,low,6.8,86.0,49.1,2873.862141
Swaziland,2004,Developing,45.6,69.0,3,5.78,37.43857664,93.0,0,27.4,4,low,5.88,86.0,50.3,2529.633557
Swaziland,2003,Developing,45.9,6.0,3,5.65,2.819124474,9.0,350,27.1,4,low,5.71,85.0,50.6,22.99449
Swaziland,2002,Developing,46.4,587.0,3,5.52,131.0421269,88.0,37,26.7,4,low,5.16,85.0,49.9,1324.996228
Swaziland,2001,Developing,47.1,568.0,3,6.72,143.6197316,86.0,49,26.3,4,low,5.11,84.0,48.8,1437.634951
Swaziland,2000,Developing,48.4,536.0,3,7.19,25.21683318,83.0,10,25.9,4,low,5.26,84.0,46.4,1637.4567
Sweden,2015,Developed,82.4,53.0,0,,0.0,67.0,22,59.5,0,high,,98.0,0.1,5585.25847
Sweden,2014,Developed,82.3,54.0,0,7.3,1142.212403,67.0,26,59.0,0,high,11.93,98.0,0.1,5918.19898
Sweden,2013,Developed,81.9,57.0,0,7.3,1212.666327,67.0,51,58.5,0,high,11.97,98.0,0.1,6283.24522
Sweden,2012,Developed,81.7,57.0,0,7.4,10947.02327,53.0,30,58.1,0,high,11.8,98.0,0.1,57134.777
Sweden,2011,Developed,81.7,58.0,0,7.4,11477.6671,42.0,26,57.7,0,high,11.7,98.0,0.1,59593.28711
Sweden,2010,Developed,81.5,58.0,0,7.2,778.2477467,,6,57.3,0,high,9.47,98.0,0.1,5276.25591
Sweden,2009,Developed,81.4,62.0,0,7.3,682.1070608,,3,56.9,0,high,9.94,98.0,0.1,4627.592
Sweden,2008,Developed,81.1,62.0,0,6.9,8105.590882,,25,56.5,0,high,9.23,98.0,0.1,55746.84238
Sweden,2007,Developed,89.0,63.0,0,6.9,7593.391622,,1,56.1,0,high,8.92,98.0,0.1,53324.37937
Sweden,2006,Developed,88.0,64.0,0,6.5,6369.516139,,19,55.7,0,high,8.95,98.0,0.1,46256.4716
Sweden,2005,Developed,85.0,66.0,0,6.5,599.0392403,,13,55.3,0,high,9.6,98.0,0.1,4385.35315
Sweden,2004,Developed,83.0,7.0,0,6.6,5793.363644,,5,54.9,0,very high,9.9,99.0,0.1,42442.2245
Sweden,2003,Developed,82.0,69.0,0,6.9,5067.411418,,3,54.4,0,very high,9.31,99.0,0.1,36961.42537
Sweden,2002,Developed,79.9,71.0,0,6.9,3998.09987,,9,53.9,0,very high,9.23,99.0,0.1,29571.7446
Sweden,2001,Developed,79.8,73.0,0,6.6,3554.546434,,5,53.4,0,very high,8.86,99.0,0.1,26969.24457
Sweden,2000,Developed,79.6,73.0,0,6.2,3689.7273,,59,52.8,0,very high,8.18,99.0,0.1,29283.55
Switzerland,2015,Developed,83.4,49.0,0,,0.0,,35,57.4,0,high,,97.0,0.1,8989.8424
Switzerland,2014,Developed,83.2,51.0,0,9.61,19479.91161,,23,57.0,0,high,11.66,96.0,0.1,85814.58857
Switzerland,2013,Developed,83.0,52.0,0,9.73,19099.04506,,175,56.6,0,high,11.71,96.0,0.1,84658.88768
Switzerland,2012,Developed,82.7,54.0,0,9.86,18379.32974,,61,56.2,0,high,11.59,96.0,0.1,83164.38795
Switzerland,2011,Developed,82.6,55.0,0,9.99,18822.86732,,621,55.8,0,high,11.21,96.0,0.1,87998.44468
Switzerland,2010,Developed,82.3,57.0,0,10.01,2198.590865,,77,55.4,0,high,11.7,95.0,0.1,74276.71842
Switzerland,2009,Developed,82.1,6.0,0,10.15,14714.82588,,958,55.0,0,high,11.0,95.0,0.1,69672.471
Switzerland,2008,Developed,82.0,6.0,0,10.29,2084.255535,,2022,54.6,0,high,1.29,95.0,0.1,72119.5687
Switzerland,2007,Developed,81.7,63.0,0,10.44,11892.33429,,1015,54.1,0,medium,1.21,94.0,0.1,63223.46778
Switzerland,2006,Developed,81.5,65.0,0,10.24,10598.08187,,0,53.7,0,medium,1.39,94.0,0.1,57348.92788
Switzerland,2005,Developed,81.1,66.0,0,10.15,10055.34981,,60,53.2,0,medium,1.86,94.0,0.1,54797.54663
Switzerland,2004,Developed,81.0,69.0,0,10.55,9495.540576,,39,52.8,0,medium,1.96,93.0,0.1,53255.97631
Switzerland,2003,Developed,85.0,72.0,0,10.82,842.2768087,,574,52.3,0,medium,1.93,93.0,0.1,4796.56497
Switzerland,2002,Developed,84.0,74.0,0,10.85,6853.628494,,0,51.8,0,medium,1.61,93.0,0.1,41336.72192
Switzerland,2001,Developed,82.0,75.0,0,11.12,6478.346135,,700,51.3,0,medium,1.28,93.0,0.1,38538.64447
Switzerland,2000,Developed,79.7,78.0,0,11.26,5834.582046,,0,5.8,0,medium,9.91,93.0,0.1,37813.23426
Syrian Arab Republic,2015,Developing,64.5,293.0,6,,0.0,41.0,45,57.1,8,very low,,41.0,0.1,
Syrian Arab Republic,2014,Developing,64.4,294.0,7,0.01,0.0,47.0,594,56.2,8,very low,3.25,43.0,0.1,
Syrian Arab Republic,2013,Developing,63.6,37.0,7,0.01,0.0,71.0,740,55.2,9,very low,3.25,41.0,0.1,
Syrian Arab Republic,2012,Developing,62.8,32.0,7,0.01,0.0,43.0,13,54.2,9,very low,3.25,45.0,0.1,
Syrian Arab Republic,2011,Developing,71.7,163.0,7,0.76,0.0,66.0,13,53.2,8,very low,3.23,72.0,0.1,
Syrian Arab Republic,2010,Developing,73.7,127.0,7,0.78,0.0,84.0,26,52.3,9,low,3.28,8.0,0.1,
Syrian Arab Republic,2009,Developing,73.8,124.0,7,0.81,0.0,84.0,22,51.3,9,low,3.55,8.0,0.1,
Syrian Arab Republic,2008,Developing,73.8,122.0,8,0.8,0.0,83.0,19,5.4,9,low,3.4,79.0,0.1,
Syrian Arab Republic,2007,Developing,73.8,121.0,8,0.83,17.98136184,83.0,403,49.4,9,low,3.72,8.0,0.1,258.3529
Syrian Arab Republic,2006,Developing,73.7,123.0,8,0.97,122.6523334,83.0,517,48.5,10,low,3.78,8.0,0.1,1762.24617
Syrian Arab Republic,2005,Developing,73.5,127.0,9,0.92,116.2585943,83.0,375,47.6,10,low,4.11,8.0,0.1,1577.457182
Syrian Arab Republic,2004,Developing,73.2,131.0,9,0.93,10.21129783,82.0,189,46.8,10,low,4.48,81.0,0.1,148.852738
Syrian Arab Republic,2003,Developing,73.0,134.0,9,1.29,94.75639211,81.0,801,46.0,11,low,5.12,83.0,0.1,1253.39143
Syrian Arab Republic,2002,Developing,72.8,135.0,9,1.25,91.70356833,8.0,538,45.3,11,low,4.94,84.0,0.1,1263.13455
Syrian Arab Republic,2001,Developing,72.7,135.0,10,1.29,93.50075111,8.0,290,44.6,11,low,4.92,82.0,0.1,1258.421953
Syrian Arab Republic,2000,Developing,72.6,136.0,10,1.41,81.7274712,79.0,146,43.9,12,low,4.92,84.0,0.1,1177.629268
Tajikistan,2015,Developing,69.7,161.0,10,,0.0,96.0,3,4.7,11,high,,96.0,0.2,918.6771543
Tajikistan,2014,Developing,69.6,162.0,10,0.01,7.829008596,97.0,0,39.9,11,medium,6.88,97.0,0.2,114.45919
Tajikistan,2013,Developing,69.3,163.0,10,0.01,1.0419164,96.0,1,39.0,11,high,6.75,96.0,0.2,14.214412
Tajikistan,2012,Developing,68.8,164.0,10,0.01,71.50892145,94.0,16,38.2,12,high,6.39,94.0,0.2,954.725253
Tajikistan,2011,Developing,68.1,166.0,10,0.32,51.9919227,96.0,1,37.4,12,high,5.98,96.0,0.2,834.5412953
Tajikistan,2010,Developing,67.3,171.0,10,0.32,43.34099958,93.0,0,36.6,12,medium,6.4,93.0,0.2,738.3475227
Tajikistan,2009,Developing,66.7,174.0,10,0.3,35.71613793,93.0,0,35.9,12,medium,5.93,93.0,0.2,666.3458569
Tajikistan,2008,Developing,66.4,178.0,10,0.32,4.153362912,86.0,0,35.3,12,low,5.58,86.0,0.3,76.914128
Tajikistan,2007,Developing,66.1,181.0,10,0.35,2.272404904,84.0,2,34.7,12,low,5.35,86.0,0.3,52.35956
Tajikistan,2006,Developing,65.9,183.0,10,0.38,2.626234903,88.0,3,34.1,12,low,5.7,83.0,0.3,44.2872665
Tajikistan,2005,Developing,65.5,194.0,10,0.37,19.83672308,81.0,0,33.5,12,low,5.89,84.0,0.3,337.359236
Tajikistan,2004,Developing,65.9,177.0,11,0.38,2.093721752,81.0,4,33.0,13,low,5.7,86.0,0.3,39.281834
Tajikistan,2003,Developing,65.2,182.0,11,0.36,13.25723997,58.0,2144,32.5,14,low,4.46,85.0,0.3,236.314438
Tajikistan,2002,Developing,64.3,193.0,12,0.6,10.68147485,39.0,927,32.1,15,low,4.48,85.0,0.3,189.3878519
Tajikistan,2001,Developing,64.0,194.0,13,0.86,1.142003812,,38,31.6,16,low,4.59,85.0,0.3,17.8159721
Tajikistan,2000,Developing,63.7,198.0,14,0.37,8.943006492,,192,31.3,17,low,4.64,83.0,0.3,138.436633
Thailand,2015,Developing,74.9,148.0,8,,0.0,99.0,154,33.6,9,very high,,99.0,0.1,5814.863134
Thailand,2014,Developing,74.6,152.0,8,6.41,789.0772949,99.0,0,32.4,10,very high,4.12,99.0,0.1,5941.8471
Thailand,2013,Developing,74.5,153.0,9,6.5,788.6873403,99.0,2641,31.3,10,very high,4.0,99.0,0.1,6171.262444
Thailand,2012,Developing,74.3,154.0,9,6.56,801.0504655,98.0,5197,3.1,11,very high,4.17,99.0,0.1,5859.915622
Thailand,2011,Developing,74.1,155.0,10,6.07,748.4451054,98.0,3156,29.0,11,very high,4.12,99.0,0.2,5491.159981
Thailand,2010,Developing,73.9,158.0,10,5.95,71.6850913,98.0,2583,27.9,12,very high,3.81,99.0,0.2,575.32176
Thailand,2009,Developing,73.7,16.0,11,5.88,547.2101411,98.0,6071,26.8,12,very high,4.11,99.0,0.3,4212.5492
Thailand,2008,Developing,73.5,162.0,11,5.92,609.9511632,98.0,7790,25.7,13,very high,3.92,99.0,0.3,4378.68746
Thailand,2007,Developing,73.3,165.0,12,6.2,520.7639087,96.0,3893,24.6,14,high,3.56,98.0,0.4,3972.26475
Thailand,2006,Developing,73.0,168.0,13,6.18,433.9210918,96.0,3588,23.6,15,high,3.49,98.0,0.5,3368.952576
Thailand,2005,Developing,72.5,177.0,13,6.26,321.1953005,96.0,3526,22.6,15,high,3.55,98.0,0.5,2893.651356
Thailand,2004,Developing,71.6,189.0,14,6.17,301.3597791,96.0,4165,21.7,16,high,3.51,98.0,0.5,2659.83918
Thailand,2003,Developing,71.7,189.0,15,6.14,282.8364612,96.0,4519,2.9,18,high,3.58,98.0,0.6,2358.93629
Thailand,2002,Developing,71.4,192.0,16,5.93,27.63810304,95.0,10315,2.2,19,high,3.7,96.0,0.7,296.54617
Thailand,2001,Developing,71.2,194.0,17,5.92,176.0625201,95.0,7319,19.4,20,high,3.32,96.0,0.8,1893.145377
Thailand,2000,Developing,71.1,194.0,18,5.88,0.27564826,95.0,4074,18.7,21,high,3.4,97.0,0.8,27.564826
The former Yugoslav republic of Macedonia,2015,Developing,75.7,12.0,0,,0.0,92.0,1,6.3,0,medium,,91.0,0.1,
The former Yugoslav republic of Macedonia,2014,Developing,75.5,12.0,0,1.13,0.0,97.0,116,59.7,0,high,6.48,95.0,0.1,
The former Yugoslav republic of Macedonia,2013,Developing,75.3,14.0,0,1.03,0.0,97.0,4,59.1,0,high,6.7,98.0,0.1,
The former Yugoslav republic of Macedonia,2012,Developing,75.1,15.0,0,1.23,0.0,98.0,7,58.5,0,high,6.76,95.0,0.1,
The former Yugoslav republic of Macedonia,2011,Developing,74.9,17.0,0,1.16,0.0,96.0,701,57.9,0,high,6.61,96.0,0.1,
The former Yugoslav republic of Macedonia,2010,Developing,74.7,18.0,0,1.47,0.0,9.0,217,57.4,0,medium,6.83,95.0,0.1,
The former Yugoslav republic of Macedonia,2009,Developing,74.4,111.0,0,1.77,0.0,95.0,5,56.9,0,high,6.74,96.0,0.1,
The former Yugoslav republic of Macedonia,2008,Developing,74.2,111.0,0,1.72,0.0,97.0,27,56.4,0,high,6.85,95.0,0.1,
The former Yugoslav republic of Macedonia,2007,Developing,73.5,12.0,0,1.75,0.0,96.0,1,55.9,0,high,6.9,95.0,0.1,
The former Yugoslav republic of Macedonia,2006,Developing,73.7,122.0,0,1.74,0.0,89.0,3,55.4,0,medium,7.61,93.0,0.1,
The former Yugoslav republic of Macedonia,2005,Developing,73.6,12.0,0,1.75,0.0,53.0,5,54.9,0,high,7.95,97.0,0.1,
The former Yugoslav republic of Macedonia,2004,Developing,73.5,12.0,0,2.07,0.0,,9,54.5,0,medium,8.64,94.0,0.1,
The former Yugoslav republic of Macedonia,2003,Developing,73.2,126.0,0,2.4,0.0,,18,54.1,0,high,9.17,96.0,0.1,
The former Yugoslav republic of Macedonia,2002,Developing,72.8,128.0,0,2.53,0.0,,19,53.6,0,high,9.1,96.0,0.1,
The former Yugoslav republic of Macedonia,2001,Developing,73.1,126.0,0,3.27,0.0,,27,53.2,0,medium,8.18,91.0,0.1,
The former Yugoslav republic of Macedonia,2000,Developing,72.6,125.0,0,2.86,0.0,,36,52.7,0,high,8.52,95.0,0.1,
Timor-Leste,2015,Developing,68.3,152.0,2,,0.0,76.0,43,17.4,2,low,,76.0,0.1,1161.76935
Timor-Leste,2014,Developing,68.0,155.0,2,0.01,28.14578503,77.0,47,17.0,2,low,1.48,77.0,0.1,1153.51578
Timor-Leste,2013,Developing,67.7,158.0,2,0.01,3.379874844,82.0,4,16.6,2,low,1.29,82.0,0.1,117.765674
Timor-Leste,2012,Developing,67.4,159.0,2,0.01,30.17998548,83.0,16,16.2,2,low,1.1,83.0,0.1,1117.77724
Timor-Leste,2011,Developing,67.2,161.0,2,0.5,2.726570602,67.0,763,15.8,3,very low,0.76,67.0,0.1,114.56179
Timor-Leste,2010,Developing,66.9,163.0,2,0.1,38.58376645,72.0,50,15.5,3,very low,0.92,72.0,0.1,849.8626972
Timor-Leste,2009,Developing,66.6,165.0,2,0.09,36.199487,72.0,10,15.1,3,low,1.2,72.0,0.1,757.3114436
Timor-Leste,2008,Developing,66.2,168.0,2,0.06,36.69198927,79.0,0,14.7,3,low,0.74,79.0,0.1,643.71911
Timor-Leste,2007,Developing,65.8,173.0,2,0.05,11.75766897,,0,14.2,3,very low,0.37,7.0,0.1,524.8959363
Timor-Leste,2006,Developing,64.9,186.0,2,0.04,28.12560496,,90,13.9,3,very low,0.65,63.0,0.1,441.53226
Timor-Leste,2005,Developing,63.7,26.0,3,0.36,7.127144699,,203,13.5,3,very low,1.5,55.0,0.1,478.331859
Timor-Leste,2004,Developing,62.3,229.0,3,0.38,8.415788935,,41,13.2,3,very low,1.31,57.0,0.1,467.5438297
Timor-Leste,2003,Developing,61.0,25.0,3,0.44,46.3913277,,94,12.9,4,very low,2.48,55.0,0.1,471.4565823
Timor-Leste,2002,Developing,62.0,261.0,3,0.48,5.649123424,,0,12.6,4,very low,3.89,54.0,0.1,48.61552
Timor-Leste,2001,Developing,59.4,269.0,3,0.5,6.556583478,,0,12.3,4,,3.75,,0.1,56.4249869
Timor-Leste,2000,Developing,58.7,276.0,3,0.5,49.06967155,,0,11.9,4,,3.26,,0.1,422.28633
Togo,2015,Developing,59.9,287.0,13,,0.0,88.0,20,24.3,20,low,,88.0,1.0,551.138346
Togo,2014,Developing,59.7,285.0,13,0.01,4.877350139,87.0,577,23.7,20,low,5.25,87.0,1.0,62.1318489
Togo,2013,Developing,59.4,287.0,14,0.01,48.73047089,84.0,564,23.1,20,low,5.12,84.0,1.5,579.43485
Togo,2012,Developing,58.9,294.0,14,0.01,41.60027954,84.0,238,22.6,21,low,5.11,84.0,1.7,563.6894247
Togo,2011,Developing,58.3,34.0,14,1.44,39.08258546,85.0,187,22.0,21,low,5.21,85.0,2.6,562.3393592
Togo,2010,Developing,57.4,323.0,14,1.21,41.96145465,83.0,120,21.4,21,low,5.37,83.0,3.8,487.9238913
Togo,2009,Developing,56.7,336.0,14,1.24,77.09551224,78.0,425,2.9,22,low,6.64,78.0,4.3,499.6468713
Togo,2008,Developing,56.2,344.0,14,1.33,69.35924758,24.0,187,2.4,22,very low,5.73,81.0,4.8,513.391914
Togo,2007,Developing,55.9,344.0,14,1.37,0.675682939,,8,19.8,22,very low,5.55,82.0,5.1,42.764743
Togo,2006,Developing,55.7,345.0,15,1.37,6.226048785,,26,19.3,22,low,5.56,84.0,5.0,377.33629
Togo,2005,Developing,55.0,357.0,15,1.14,36.62174288,,38,18.9,22,very low,5.17,82.0,5.0,372.1721837
Togo,2004,Developing,54.9,355.0,15,1.01,3.989928468,,61,18.4,22,very low,5.6,71.0,5.1,349.9937253
Togo,2003,Developing,54.7,355.0,15,1.02,2.995959823,,295,17.9,22,very low,5.0,72.0,5.2,31.437144
Togo,2002,Developing,54.7,351.0,15,1.0,1.995182912,,363,17.5,22,very low,4.7,59.0,5.3,28.832123
Togo,2001,Developing,54.6,345.0,14,0.95,2.048574874,,1833,17.1,22,very low,4.29,5.0,5.3,26.6394652
Togo,2000,Developing,54.6,339.0,14,1.1,2.02964427,,3578,16.6,22,very low,4.35,64.0,5.1,26.3932935
Tonga,2015,Developing,73.5,133.0,0,,0.0,78.0,0,75.2,0,very low,,78.0,0.1,493.775387
Tonga,2014,Developing,73.3,135.0,0,0.01,565.9672173,8.0,0,74.8,0,low,5.18,8.0,0.1,4192.349758
Tonga,2013,Developing,73.2,137.0,0,0.01,584.9449886,82.0,0,74.3,0,low,4.98,82.0,0.1,4266.557174
Tonga,2012,Developing,73.0,138.0,0,0.01,63.80294988,77.0,0,73.8,0,low,4.51,77.0,0.1,451.542462
Tonga,2011,Developing,72.9,14.0,0,0.96,7.033980828,82.0,0,73.3,0,low,4.6,82.0,0.1,445.18866
Tonga,2010,Developing,72.8,142.0,0,1.24,471.8307668,82.0,0,72.7,0,low,4.59,82.0,0.1,3547.59975
Tonga,2009,Developing,72.5,147.0,0,1.08,4.783805563,84.0,0,72.1,0,low,4.67,84.0,0.1,37.846563
Tonga,2008,Developing,72.6,145.0,0,1.1,569.6255035,84.0,0,71.5,0,low,5.13,86.0,0.1,3392.64743
Tonga,2007,Developing,72.5,146.0,0,2.05,568.8692813,87.0,0,7.8,0,low,5.82,87.0,0.1,2932.315883
Tonga,2006,Developing,72.4,148.0,0,1.79,503.5881956,89.0,0,7.1,0,medium,5.61,88.0,0.1,2892.522663
Tonga,2005,Developing,72.3,15.0,0,1.57,689.9440223,89.0,0,69.4,0,very low,6.52,89.0,0.1,2594.74999
Tonga,2004,Developing,72.2,151.0,0,1.8,423.2953509,9.0,0,68.6,0,medium,4.87,9.0,0.1,2284.37858
Tonga,2003,Developing,72.0,153.0,0,1.79,45.85105771,85.0,0,67.8,0,medium,5.9,9.0,0.1,229.714718
Tonga,2002,Developing,71.9,155.0,0,1.51,310.8203382,88.0,0,67.0,0,low,5.3,84.0,0.1,1842.44421
Tonga,2001,Developing,71.8,157.0,0,1.35,330.1007394,91.0,4,66.2,0,medium,5.66,89.0,0.1,1837.977391
Tonga,2000,Developing,71.6,158.0,0,1.24,40.49128897,93.0,0,65.5,0,medium,4.75,91.0,0.1,263.27236
Trinidad and Tobago,2015,Developing,71.2,17.0,0,,0.0,9.0,0,47.1,0,low,,96.0,0.3,17321.83373
Trinidad and Tobago,2014,Developing,71.1,171.0,0,6.94,1578.872339,92.0,0,46.0,0,medium,5.93,92.0,0.3,19325.24283
Trinidad and Tobago,2013,Developing,71.0,172.0,0,6.71,167.2657906,92.0,0,45.0,0,medium,5.98,92.0,0.3,1967.83283
Trinidad and Tobago,2012,Developing,78.0,174.0,0,6.7,1486.236406,92.0,0,44.0,0,medium,5.78,92.0,0.4,19152.531
Trinidad and Tobago,2011,Developing,76.0,176.0,0,6.5,144.9850711,9.0,0,43.0,0,medium,5.6,9.0,0.4,1953.9767
Trinidad and Tobago,2010,Developing,74.0,179.0,0,6.5,1389.772683,9.0,0,42.0,0,medium,5.29,9.0,0.4,16683.94578
Trinidad and Tobago,2009,Developing,71.0,183.0,0,6.37,128.0896289,9.0,0,41.1,0,very low,6.47,9.0,0.2,1458.8796
Trinidad and Tobago,2008,Developing,69.9,185.0,0,6.41,1902.693048,9.0,0,4.2,0,medium,4.4,9.0,0.3,21188.11857
Trinidad and Tobago,2007,Developing,69.7,187.0,0,6.37,136.8836683,89.0,0,39.3,0,very low,4.82,88.0,0.7,1653.1844
Trinidad and Tobago,2006,Developing,69.6,188.0,0,6.35,103.3710689,89.0,0,38.4,0,medium,4.49,92.0,0.6,1495.96337
Trinidad and Tobago,2005,Developing,69.5,189.0,0,6.12,1187.949491,95.0,0,37.6,0,medium,5.31,95.0,0.5,12323.1275
Trinidad and Tobago,2004,Developing,69.4,19.0,0,5.82,11.85100131,94.0,0,36.8,0,medium,5.22,94.0,1.0,129.51914
Trinidad and Tobago,2003,Developing,69.3,191.0,0,5.53,78.72216127,76.0,0,36.0,1,medium,5.13,91.0,0.5,884.518666
Trinidad and Tobago,2002,Developing,69.2,192.0,0,5.12,72.03911741,5.0,0,35.2,1,high,5.0,96.0,2.0,749.626612
Trinidad and Tobago,2001,Developing,69.1,194.0,0,4.55,516.7112481,,0,34.4,1,medium,4.4,91.0,1.2,6935.721451
Trinidad and Tobago,2000,Developing,69.1,197.0,0,4.68,43.59522964,,0,33.6,1,very low,4.17,9.0,0.9,643.947262
Tunisia,2015,Developing,75.3,1.0,3,,0.0,98.0,16,61.2,3,high,,98.0,0.1,3828.91589
Tunisia,2014,Developing,75.1,12.0,3,1.39,604.8701316,98.0,15,6.2,3,high,7.0,98.0,0.1,4271.68172
Tunisia,2013,Developing,74.9,13.0,3,1.29,594.6453102,98.0,16,59.3,3,high,7.26,98.0,0.1,4199.47253
Tunisia,2012,Developing,74.9,13.0,3,1.3,585.8776761,97.0,48,58.3,3,high,7.18,97.0,0.1,4137.55421
Tunisia,2011,Developing,74.8,13.0,3,1.29,623.2120325,98.0,11,57.4,3,high,7.15,98.0,0.1,4256.91279
Tunisia,2010,Developing,74.8,12.0,3,1.28,64.85616718,98.0,1,56.5,3,high,6.54,98.0,0.1,414.15177
Tunisia,2009,Developing,74.7,12.0,3,1.4,585.6307861,99.0,1,55.6,3,very high,6.18,99.0,0.1,4129.977335
Tunisia,2008,Developing,74.7,12.0,3,1.37,53.08451654,99.0,2,54.7,3,very high,5.63,99.0,0.1,431.9326
Tunisia,2007,Developing,74.6,12.0,3,1.24,469.6282925,98.0,4,53.9,4,high,5.64,98.0,0.1,3778.184171
Tunisia,2006,Developing,74.4,12.0,3,1.46,420.1153538,99.0,3,53.1,4,very high,5.64,99.0,0.1,3371.71231
Tunisia,2005,Developing,74.2,14.0,3,1.37,379.5139945,97.0,15,52.2,4,high,5.57,98.0,0.1,3194.562243
Tunisia,2004,Developing,74.0,15.0,3,1.36,379.7659054,96.0,1,51.4,4,high,5.63,97.0,0.1,3112.83529
Tunisia,2003,Developing,73.7,17.0,4,1.34,321.7694175,92.0,22,5.6,4,medium,5.36,95.0,0.1,2761.969249
Tunisia,2002,Developing,73.5,19.0,4,1.17,262.8184944,93.0,98,49.7,5,high,5.32,96.0,0.1,2346.5937
Tunisia,2001,Developing,73.2,11.0,4,1.19,257.2878697,94.0,231,48.9,5,high,5.29,98.0,0.1,2254.933126
Tunisia,2000,Developing,72.9,112.0,4,1.21,264.7842196,94.0,47,48.1,5,high,5.4,97.0,0.1,2213.91488
Turkey,2015,Developing,75.8,16.0,15,,0.0,97.0,342,66.1,18,high,,97.0,0.1,1979.52569
Turkey,2014,Developing,75.5,17.0,16,1.45,181.9083783,96.0,565,65.3,19,high,5.41,96.0,0.1,12127.22522
Turkey,2013,Developing,75.2,19.0,17,1.41,188.1440348,97.0,7405,64.5,20,high,5.38,98.0,0.1,12542.93565
Turkey,2012,Developing,74.8,112.0,19,1.54,20.75120211,97.0,349,63.7,22,high,5.24,97.0,0.1,1172.3843
Turkey,2011,Developing,74.5,114.0,20,1.53,1275.877569,96.0,111,62.8,23,high,5.29,97.0,0.1,11341.13395
Turkey,2010,Developing,74.2,116.0,21,1.49,32.78235828,96.0,7,61.9,25,high,5.61,97.0,0.1,1672.5693
Turkey,2009,Developing,73.9,118.0,23,1.4,106.9482898,94.0,4,61.1,27,high,6.8,96.0,0.1,936.499911
Turkey,2008,Developing,73.5,121.0,25,1.39,22.67271848,92.0,0,6.2,29,high,6.7,96.0,0.1,185.68975
Turkey,2007,Developing,73.2,124.0,26,1.26,115.5801103,96.0,3,59.3,31,high,6.4,96.0,0.1,979.49246
Turkey,2006,Developing,72.8,126.0,28,1.29,103.523776,82.0,34,58.5,34,very low,5.81,9.0,0.1,834.869161
Turkey,2005,Developing,72.4,129.0,30,1.29,832.9552058,85.0,6200,57.6,36,very low,5.45,9.0,0.1,7384.354661
Turkey,2004,Developing,72.0,132.0,33,1.35,1.132766775,77.0,8927,56.8,39,low,5.37,85.0,0.1,64.72953
Turkey,2003,Developing,71.6,135.0,35,1.42,459.1113061,68.0,5844,55.9,43,very low,5.34,68.0,0.1,4718.51291
Turkey,2002,Developing,71.2,138.0,38,1.47,35.55729,72.0,7823,55.1,46,low,5.36,78.0,0.1,366.57
Turkey,2001,Developing,78.0,14.0,41,1.49,256.4341746,77.0,30509,54.3,50,low,5.16,88.0,0.1,3119.63716
Turkey,2000,Developing,74.0,143.0,44,1.54,421.2956602,71.0,16244,53.5,54,low,4.95,85.0,0.1,4316.553895
Turkmenistan,2015,Developing,66.3,215.0,6,,0.0,99.0,0,48.6,7,very high,,99.0,0.1,6432.668768
Turkmenistan,2014,Developing,66.0,217.0,7,2.9,691.1333535,97.0,0,47.7,8,high,2.7,98.0,0.1,7962.365824
Turkmenistan,2013,Developing,65.4,228.0,7,2.93,63.7481117,98.0,0,46.7,8,high,2.12,98.0,0.1,734.42525
Turkmenistan,2012,Developing,65.6,22.0,7,2.75,579.4128244,98.0,0,45.9,8,high,1.96,97.0,0.1,6675.262954
Turkmenistan,2011,Developing,65.6,217.0,7,2.55,490.4181326,97.0,0,45.0,8,high,1.98,97.0,0.1,5649.978486
Turkmenistan,2010,Developing,65.8,211.0,7,2.48,385.325164,96.0,0,44.2,8,high,1.99,96.0,0.1,4439.23
Turkmenistan,2009,Developing,65.6,215.0,6,2.35,37.88466056,97.0,0,43.4,8,high,1.88,96.0,0.1,436.459223
Turkmenistan,2008,Developing,64.5,235.0,6,2.4,34.23979419,96.0,0,42.7,8,high,1.93,96.0,0.1,394.467675
Turkmenistan,2007,Developing,64.1,241.0,6,2.58,0.358651421,98.0,59,42.0,8,high,2.16,98.0,0.1,26.371428
Turkmenistan,2006,Developing,63.7,245.0,6,2.71,29.27235366,98.0,48,41.3,8,high,2.9,98.0,0.1,2136.66815
Turkmenistan,2005,Developing,63.3,248.0,6,2.85,2.19888585,99.0,0,4.7,8,very high,3.51,99.0,0.1,174.51475
Turkmenistan,2004,Developing,63.5,238.0,6,2.86,186.1013972,96.0,1,4.0,8,high,4.3,97.0,0.1,1453.917166
Turkmenistan,2003,Developing,63.4,231.0,7,2.88,179.6156482,97.0,1,39.4,8,very low,3.85,83.0,0.1,1283.885977
Turkmenistan,2002,Developing,63.3,229.0,7,2.33,130.3784829,96.0,11,38.7,8,very high,3.34,98.0,0.1,967.917468
Turkmenistan,2001,Developing,64.0,221.0,7,2.35,106.180706,,9,38.1,9,medium,3.87,95.0,0.1,774.4763388
Turkmenistan,2000,Developing,63.8,224.0,7,2.9,88.2436347,,113,37.5,9,high,3.94,97.0,0.1,643.17518
Tuvalu,2013,Developing,,,0,0.01,78.28120317,9.0,0,79.3,0,very low,16.61,9.0,0.1,3542.13589
Uganda,2015,Developing,62.3,291.0,66,,0.0,78.0,478,18.5,93,low,,78.0,3.1,693.8963829
Uganda,2014,Developing,61.5,38.0,68,0.01,14.16770158,78.0,314,18.1,97,low,7.22,78.0,3.2,719.172669
Uganda,2013,Developing,67.0,325.0,71,0.01,90.76144414,78.0,7878,17.6,103,low,7.47,78.0,4.0,662.492293
Uganda,2012,Developing,60.0,339.0,73,0.01,92.88697859,78.0,2027,17.2,109,low,7.58,78.0,4.6,647.74741
Uganda,2011,Developing,59.3,347.0,76,10.22,94.49686776,82.0,3312,16.7,114,low,9.9,82.0,6.8,584.3962137
Uganda,2010,Developing,58.4,362.0,79,10.03,116.202964,8.0,1313,16.3,119,low,11.2,8.0,8.0,594.9972557
Uganda,2009,Developing,57.5,378.0,82,9.63,87.04534954,79.0,1601,15.9,124,low,8.43,79.0,8.1,647.17732
Uganda,2008,Developing,56.3,41.0,84,9.79,72.85023656,71.0,1319,15.6,130,very low,9.1,71.0,8.2,449.6928183
Uganda,2007,Developing,55.5,41.0,88,9.65,6.002527685,73.0,3776,15.2,137,very low,9.76,73.0,8.4,41.858631
Uganda,2006,Developing,54.9,41.0,93,9.81,50.83901418,64.0,5736,14.8,145,very low,9.86,64.0,8.6,336.4593923
Uganda,2005,Developing,53.2,446.0,99,10.09,44.52614001,64.0,22,14.5,155,very low,9.36,64.0,8.7,315.788227
Uganda,2004,Developing,51.3,485.0,104,9.89,36.60609252,62.0,141,14.2,164,very low,8.9,62.0,8.9,288.236949
Uganda,2003,Developing,51.0,53.0,109,10.16,4.426792406,44.0,29429,13.9,173,very low,7.54,59.0,9.4,237.9995917
Uganda,2002,Developing,48.8,523.0,112,10.42,2.690897842,29.0,49871,13.6,181,very low,7.78,57.0,10.0,24.2423229
Uganda,2001,Developing,47.7,539.0,115,10.57,26.97625217,,48543,13.3,187,very low,7.26,55.0,10.8,234.984775
Uganda,2000,Developing,46.6,554.0,116,10.47,22.59447461,,42554,13.0,191,very low,6.77,52.0,11.6,257.63369
Ukraine,2015,Developing,71.3,195.0,4,,0.0,22.0,105,61.3,5,very low,,23.0,0.2,2124.662666
Ukraine,2014,Developing,78.0,23.0,4,8.06,5.663849328,22.0,0,6.7,5,very low,7.1,23.0,0.2,314.658296
Ukraine,2013,Developing,71.0,198.0,4,8.44,52.42529588,46.0,0,6.1,5,very low,7.67,76.0,0.2,429.71554
Ukraine,2012,Developing,77.0,25.0,5,8.44,453.7830847,46.0,12746,59.6,5,very low,7.47,76.0,0.2,3855.42128
Ukraine,2011,Developing,75.0,24.0,5,8.48,415.1627705,21.0,1333,59.0,5,very low,6.98,5.0,0.2,3569.75727
Ukraine,2010,Developing,69.8,212.0,5,8.39,375.6835376,48.0,39,58.5,6,very low,7.81,52.0,0.2,2965.142365
Ukraine,2009,Developing,69.2,231.0,5,8.71,324.5491348,66.0,0,58.0,6,low,7.8,71.0,0.3,2545.48341
Ukraine,2008,Developing,67.7,273.0,5,9.46,456.4586664,84.0,48,57.6,6,medium,6.63,9.0,0.4,3891.37823
Ukraine,2007,Developing,67.5,277.0,5,8.86,46.19685449,92.0,1005,57.2,6,high,6.36,98.0,0.7,368.68998
Ukraine,2006,Developing,67.7,267.0,5,7.99,29.38172706,96.0,42724,56.8,6,very high,6.39,98.0,0.8,233.18831
Ukraine,2005,Developing,67.0,278.0,5,7.31,217.4345257,97.0,2392,56.4,6,medium,6.41,96.0,0.9,1828.717626
Ukraine,2004,Developing,67.4,267.0,5,6.79,180.3537859,98.0,146,56.1,6,very high,6.61,99.0,1.0,1367.352433
Ukraine,2003,Developing,67.6,256.0,6,5.92,21.22386354,77.0,411,55.7,6,very high,6.93,97.0,0.9,148.522488
Ukraine,2002,Developing,67.6,256.0,6,4.89,115.738974,48.0,7587,55.4,7,very high,6.25,99.0,0.9,879.475486
Ukraine,2001,Developing,67.7,253.0,6,4.31,8.897421459,7.0,16970,55.1,7,very high,5.66,99.0,0.8,78.738243
Ukraine,2000,Developing,67.5,257.0,6,4.49,7.883791474,4.0,817,54.8,8,very high,5.59,99.0,0.7,635.789635
United Arab Emirates,2015,Developing,77.1,75.0,1,,0.0,99.0,347,64.2,1,very high,,99.0,0.1,3911.74689
United Arab Emirates,2014,Developing,76.9,77.0,1,1.91,3862.68271,99.0,344,62.4,1,very high,3.64,99.0,0.1,44449.7435
United Arab Emirates,2013,Developing,76.7,78.0,1,1.82,377.2009132,98.0,0,6.5,1,high,3.49,98.0,0.1,4335.64268
United Arab Emirates,2012,Developing,76.5,8.0,1,1.75,3663.764502,96.0,132,58.6,1,high,3.45,96.0,0.1,42112.23565
United Arab Emirates,2011,Developing,76.3,81.0,1,1.73,387.774991,95.0,0,57.1,1,medium,3.7,95.0,0.1,4462.3129
United Arab Emirates,2010,Developing,76.2,82.0,1,1.69,308.0660742,94.0,87,55.8,1,medium,3.93,94.0,0.1,3549.14832
United Arab Emirates,2009,Developing,76.0,84.0,1,1.73,292.4022672,93.0,0,55.1,1,medium,4.5,93.0,0.1,3372.57517
United Arab Emirates,2008,Developing,75.8,85.0,1,1.86,4003.908598,92.0,55,54.8,1,medium,2.93,92.0,0.1,45758.9554
United Arab Emirates,2007,Developing,75.6,87.0,1,1.69,3759.457226,92.0,0,55.1,1,medium,2.57,92.0,0.1,42672.61323
United Arab Emirates,2006,Developing,75.4,89.0,1,1.74,3749.941617,92.0,0,55.8,1,medium,2.33,92.0,0.1,42372.22166
United Arab Emirates,2005,Developing,75.3,92.0,1,1.79,3427.320332,92.0,29,56.6,1,medium,2.32,94.0,0.1,39439.8197
United Arab Emirates,2004,Developing,75.1,95.0,1,1.77,2972.448675,92.0,22,57.0,1,medium,2.46,94.0,0.1,36161.1761
United Arab Emirates,2003,Developing,74.9,98.0,1,1.74,277.1818332,92.0,42,56.8,1,medium,2.65,94.0,0.1,3323.52318
United Arab Emirates,2002,Developing,74.7,11.0,1,1.72,2598.842827,92.0,53,56.0,1,medium,2.72,94.0,0.1,31311.35936
United Arab Emirates,2001,Developing,74.5,14.0,1,1.67,243.7539129,92.0,30,55.0,1,medium,2.48,94.0,0.1,3161.52935
United Arab Emirates,2000,Developing,74.2,17.0,1,1.64,262.9589578,92.0,69,54.1,1,medium,2.38,94.0,0.1,3371.26869
United Kingdom of Great Britain and Northern Ireland,2015,Developed,81.2,69.0,3,10.66,0.0,,91,66.6,4,high,,96.0,0.1,
United Kingdom of Great Britain and Northern Ireland,2014,Developed,81.0,71.0,3,10.37,0.0,,133,66.0,4,medium,9.12,95.0,0.1,
United Kingdom of Great Britain and Northern Ireland,2013,Developed,87.0,72.0,3,10.32,0.0,,1919,65.4,4,medium,9.34,95.0,0.1,
United Kingdom of Great Britain and Northern Ireland,2012,Developed,86.0,72.0,3,10.42,0.0,,2092,64.8,4,medium,9.41,95.0,0.1,
United Kingdom of Great Britain and Northern Ireland,2011,Developed,86.0,74.0,3,10.68,0.0,,1112,64.2,4,medium,9.34,95.0,0.1,
United Kingdom of Great Britain and Northern Ireland,2010,Developed,82.0,77.0,3,10.88,0.0,,443,63.6,4,medium,9.51,94.0,0.1,
United Kingdom of Great Britain and Northern Ireland,2009,Developed,81.0,78.0,4,10.79,0.0,,1212,63.1,4,medium,9.81,93.0,0.1,
United Kingdom of Great Britain and Northern Ireland,2008,Developed,79.6,8.0,4,11.47,0.0,,1445,62.5,4,medium,8.85,92.0,0.1,
United Kingdom of Great Britain and Northern Ireland,2007,Developed,79.5,8.0,4,11.84,0.0,,1022,61.9,4,medium,8.42,92.0,0.1,
United Kingdom of Great Britain and Northern Ireland,2006,Developed,79.3,82.0,4,11.61,0.0,,764,61.3,4,medium,8.36,92.0,0.1,
United Kingdom of Great Britain and Northern Ireland,2005,Developed,79.0,82.0,4,12.05,0.0,,79,6.7,4,medium,8.24,91.0,0.1,
United Kingdom of Great Britain and Northern Ireland,2004,Developed,78.8,83.0,4,12.22,0.0,,189,6.1,4,medium,7.98,92.0,0.1,
United Kingdom of Great Britain and Northern Ireland,2003,Developed,78.3,86.0,4,11.85,0.0,,460,59.5,4,medium,7.81,91.0,0.1,
United Kingdom of Great Britain and Northern Ireland,2002,Developed,78.2,87.0,4,11.44,0.0,,314,58.8,4,medium,7.57,91.0,0.1,
United Kingdom of Great Britain and Northern Ireland,2001,Developed,78.0,88.0,4,10.91,0.0,,73,58.2,4,medium,7.31,91.0,0.1,
United Kingdom of Great Britain and Northern Ireland,2000,Developed,77.8,89.0,4,10.59,0.0,,104,57.5,5,medium,6.94,91.0,0.1,
United Republic of Tanzania,2015,Developing,61.8,279.0,85,,0.0,98.0,30,23.8,119,high,,98.0,1.4,
United Republic of Tanzania,2014,Developing,67.0,34.0,86,0.01,0.0,97.0,88,23.2,121,high,5.58,97.0,1.4,
United Republic of Tanzania,2013,Developing,59.7,323.0,86,4.2,0.0,91.0,185,22.5,124,medium,5.57,91.0,2.1,
United Republic of Tanzania,2012,Developing,58.6,348.0,87,3.98,0.0,92.0,1668,21.9,126,very low,5.72,92.0,2.4,
United Republic of Tanzania,2011,Developing,58.3,348.0,88,4.04,0.0,9.0,1622,21.3,128,low,5.72,9.0,3.1,
United Republic of Tanzania,2010,Developing,57.5,36.0,89,4.19,0.0,91.0,167,2.7,131,medium,5.3,91.0,4.6,
United Republic of Tanzania,2009,Developing,56.9,368.0,91,3.97,0.0,85.0,1574,2.2,135,low,3.97,85.0,6.4,
United Republic of Tanzania,2008,Developing,56.2,376.0,92,3.44,0.0,86.0,3413,19.6,138,medium,4.21,86.0,7.4,
United Republic of Tanzania,2007,Developing,54.5,411.0,94,4.4,0.0,83.0,7726,19.1,141,low,4.72,83.0,8.5,
United Republic of Tanzania,2006,Developing,53.1,437.0,96,4.07,0.0,9.0,2362,18.6,145,medium,6.86,9.0,9.4,
United Republic of Tanzania,2005,Developing,52.2,449.0,97,3.94,0.0,9.0,23,18.1,149,medium,4.66,9.0,10.0,
United Republic of Tanzania,2004,Developing,51.5,454.0,100,3.81,0.0,95.0,1419,17.7,154,medium,4.1,95.0,10.8,
United Republic of Tanzania,2003,Developing,58.0,459.0,103,2.34,0.0,95.0,1673,17.2,160,high,4.6,95.0,11.5,
United Republic of Tanzania,2002,Developing,52.0,46.0,106,3.37,0.0,89.0,5131,16.8,166,medium,3.59,89.0,12.1,
United Republic of Tanzania,2001,Developing,49.6,46.0,110,4.09,0.0,,11847,16.4,173,very low,3.28,87.0,12.5,
United Republic of Tanzania,2000,Developing,49.2,457.0,114,3.89,0.0,,14649,16.0,181,very low,2.64,79.0,12.8,
United States of America,2015,Developed,79.3,13.0,23,,0.0,92.0,188,69.6,26,medium,,95.0,0.1,
United States of America,2014,Developed,79.1,14.0,23,8.82,0.0,92.0,667,69.1,27,medium,17.14,95.0,0.1,
United States of America,2013,Developed,78.9,16.0,23,8.82,0.0,91.0,187,68.6,27,medium,16.9,94.0,0.1,
United States of America,2012,Developed,78.8,16.0,24,8.82,0.0,9.0,55,68.0,28,medium,17.2,94.0,0.1,
United States of America,2011,Developed,78.7,16.0,25,8.67,0.0,91.0,220,67.5,29,medium,17.6,96.0,0.1,
United States of America,2010,Developed,78.7,15.0,25,8.55,0.0,92.0,63,66.9,30,medium,17.2,95.0,0.1,
United States of America,2009,Developed,78.5,18.0,26,8.71,0.0,92.0,71,66.3,31,medium,17.0,95.0,0.1,
United States of America,2008,Developed,78.2,18.0,27,8.74,0.0,94.0,140,65.7,31,medium,16.2,96.0,0.1,
United States of America,2007,Developed,78.1,11.0,27,8.74,0.0,93.0,43,65.1,32,medium,15.57,96.0,0.1,
United States of America,2006,Developed,77.8,113.0,28,8.63,0.0,93.0,55,64.4,33,medium,15.27,96.0,0.1,
United States of America,2005,Developed,77.5,112.0,28,8.52,0.0,93.0,66,63.8,33,medium,15.15,96.0,0.1,
United States of America,2004,Developed,77.5,111.0,28,8.48,0.0,92.0,37,63.1,33,medium,15.14,96.0,0.1,
United States of America,2003,Developed,77.2,114.0,28,8.4,0.0,92.0,56,62.4,33,medium,15.6,96.0,0.1,
United States of America,2002,Developed,77.0,115.0,28,8.33,0.0,88.0,41,61.7,33,very low,14.55,94.0,0.1,
United States of America,2001,Developed,76.9,115.0,28,8.25,0.0,89.0,116,6.9,33,medium,13.73,94.0,0.1,
United States of America,2000,Developed,76.8,114.0,28,8.21,0.0,9.0,85,6.1,33,very low,13.7,94.0,0.1,
Uruguay,2015,Developing,77.0,116.0,0,,0.0,95.0,0,64.0,0,medium,,95.0,0.1,15524.84247
Uruguay,2014,Developing,76.8,117.0,0,6.03,463.6397821,95.0,0,63.4,0,medium,8.58,95.0,0.1,16737.89827
Uruguay,2013,Developing,76.8,117.0,0,5.82,482.8039445,94.0,0,62.9,0,medium,8.68,94.0,0.1,16881.2568
Uruguay,2012,Developing,76.5,118.0,0,5.77,339.7190493,95.0,0,62.3,0,medium,8.74,95.0,0.1,1592.6819
Uruguay,2011,Developing,77.0,111.0,0,5.97,417.9117441,95.0,0,61.8,1,medium,8.55,95.0,0.1,14166.4998
Uruguay,2010,Developing,76.3,118.0,0,6.21,2331.532804,95.0,0,61.2,1,medium,8.63,95.0,0.1,11938.212
Uruguay,2009,Developing,76.6,118.0,0,6.67,1871.736563,95.0,0,6.7,1,medium,8.78,95.0,0.1,9415.17386
Uruguay,2008,Developing,76.4,119.0,1,6.76,24.73142261,94.0,0,6.1,1,medium,8.17,94.0,0.1,962.312164
Uruguay,2007,Developing,75.4,124.0,1,6.67,14.47305874,94.0,0,59.5,1,medium,8.23,94.0,0.1,79.69746
Uruguay,2006,Developing,76.2,117.0,1,6.58,1712.225506,95.0,0,58.9,1,medium,11.17,95.0,0.1,5877.87678
Uruguay,2005,Developing,75.7,123.0,1,6.35,152.5448405,96.0,0,58.3,1,high,11.15,96.0,0.1,522.951116
Uruguay,2004,Developing,75.4,122.0,1,5.66,882.356362,94.0,0,57.7,1,medium,11.59,94.0,0.1,4117.38853
Uruguay,2003,Developing,75.4,121.0,1,5.11,160.8400141,91.0,0,57.0,1,medium,6.52,91.0,0.1,3622.52284
Uruguay,2002,Developing,75.4,124.0,1,5.86,27.46880965,95.0,0,56.3,1,medium,7.18,95.0,0.1,488.768855
Uruguay,2001,Developing,75.2,123.0,1,6.48,421.4804282,94.0,0,55.7,1,medium,7.46,94.0,0.1,6281.37747
Uruguay,2000,Developing,75.1,131.0,1,6.65,645.9583816,92.0,0,55.0,1,medium,7.82,9.0,0.1,6871.897677
Uzbekistan,2015,Developing,69.4,184.0,15,,0.0,99.0,22,44.7,17,very high,,99.0,0.1,2137.576852
Uzbekistan,2014,Developing,69.2,184.0,16,0.01,0.442802404,99.0,8,43.9,18,very high,5.84,99.0,0.1,25.448414
Uzbekistan,2013,Developing,69.1,185.0,17,0.01,19.1624696,99.0,0,43.0,19,very high,6.32,99.0,0.1,197.551233
Uzbekistan,2012,Developing,68.8,184.0,18,0.01,16.71406295,99.0,0,42.2,21,very high,6.49,99.0,0.1,174.468298
Uzbekistan,2011,Developing,68.5,183.0,19,2.83,140.6905284,99.0,476,41.4,22,very high,5.65,99.0,0.1,1564.966945
Uzbekistan,2010,Developing,68.3,183.0,20,2.73,119.4571154,99.0,117,4.7,23,very high,5.34,99.0,0.2,1377.8214
Uzbekistan,2009,Developing,68.0,183.0,21,2.56,92.81479759,98.0,0,4.0,24,very high,6.31,98.0,0.2,1213.265328
Uzbekistan,2008,Developing,67.9,184.0,22,2.36,13.89021225,91.0,2,39.3,25,high,5.92,98.0,0.3,182.28625
Uzbekistan,2007,Developing,67.8,184.0,22,2.15,9.290983645,99.0,863,38.7,26,high,5.81,96.0,0.3,83.476942
Uzbekistan,2006,Developing,67.6,185.0,23,1.96,77.27092119,98.0,823,38.1,27,medium,5.49,96.0,0.4,654.2838373
Uzbekistan,2005,Developing,67.3,192.0,24,1.78,40.13342094,99.0,737,37.5,28,very high,5.11,99.0,0.3,546.776852
Uzbekistan,2004,Developing,67.8,183.0,24,1.59,34.41887163,99.0,75,37.0,29,very high,5.11,99.0,0.3,465.1198869
Uzbekistan,2003,Developing,67.2,183.0,25,1.54,28.52135777,99.0,85,36.4,30,very high,5.17,98.0,0.3,396.129969
Uzbekistan,2002,Developing,67.1,186.0,27,1.47,24.99438738,62.0,25,35.9,32,very high,5.44,99.0,0.2,383.3494997
Uzbekistan,2001,Developing,67.4,185.0,28,1.53,43.66385568,,22,35.3,34,very high,5.28,99.0,0.2,456.734892
Uzbekistan,2000,Developing,67.1,189.0,30,1.6,48.50941741,,80,34.8,36,very high,5.29,99.0,0.1,558.221144
Vanuatu,2015,Developing,72.0,13.0,0,,0.0,64.0,39,53.3,0,very low,,64.0,0.1,285.83414
Vanuatu,2014,Developing,71.7,134.0,0,0.01,564.8167043,64.0,10,52.5,0,very low,5.2,64.0,0.1,3148.36513
Vanuatu,2013,Developing,71.6,135.0,0,0.01,447.545645,64.0,0,51.7,0,very low,3.92,64.0,0.1,3167.34356
Vanuatu,2012,Developing,71.4,138.0,0,0.01,427.9885222,64.0,0,5.8,0,very low,3.7,64.0,0.1,3158.58688
Vanuatu,2011,Developing,71.2,141.0,0,0.85,457.9731742,63.0,0,49.9,0,very low,3.85,65.0,0.1,3275.91684
Vanuatu,2010,Developing,71.0,145.0,0,0.91,471.8626525,62.0,0,49.1,0,very low,4.71,65.0,0.1,2965.82434
Vanuatu,2009,Developing,78.0,149.0,0,0.83,361.0940984,62.0,0,48.2,0,very low,3.9,66.0,0.1,2643.441423
Vanuatu,2008,Developing,75.0,153.0,0,1.18,345.339056,61.0,0,47.4,0,very low,3.66,67.0,0.1,2697.961375
Vanuatu,2007,Developing,73.0,157.0,0,1.01,342.4908556,6.0,0,46.6,0,very low,3.67,67.0,0.1,2393.367265
Vanuatu,2006,Developing,71.0,161.0,0,1.0,43.19780767,59.0,0,45.7,0,very low,3.96,68.0,0.1,247.97823
Vanuatu,2005,Developing,69.9,165.0,0,0.88,337.2942846,61.0,3,44.9,0,very low,3.87,68.0,0.1,1886.433359
Vanuatu,2004,Developing,69.6,169.0,0,0.85,334.1673373,63.0,0,44.1,0,very low,4.12,69.0,0.1,1787.94723
Vanuatu,2003,Developing,69.4,173.0,0,1.2,27.29839073,64.0,165,43.3,0,very low,4.2,69.0,0.1,158.52724
Vanuatu,2002,Developing,69.3,176.0,0,1.24,171.1373611,66.0,101,42.6,0,very low,3.52,7.0,0.1,1353.934819
Vanuatu,2001,Developing,69.1,179.0,0,0.91,163.105292,68.0,7,41.9,0,very low,3.37,7.0,0.1,1362.61731
Vanuatu,2000,Developing,69.0,18.0,0,1.21,21.90075232,7.0,9,41.1,0,very low,3.28,71.0,0.1,1469.849149
Venezuela (Bolivarian Republic of),2015,Developing,74.1,157.0,9,,0.0,87.0,0,62.1,10,low,,87.0,0.1,
Venezuela (Bolivarian Republic of),2014,Developing,73.9,158.0,9,6.47,0.0,78.0,0,61.5,10,low,5.26,78.0,0.1,
Venezuela (Bolivarian Republic of),2013,Developing,73.8,159.0,9,6.71,0.0,82.0,0,61.0,10,low,4.94,82.0,0.1,
Venezuela (Bolivarian Republic of),2012,Developing,73.7,161.0,9,6.7,0.0,81.0,1,6.4,10,very low,4.8,81.0,0.1,
Venezuela (Bolivarian Republic of),2011,Developing,73.8,158.0,9,6.74,0.0,78.0,0,59.9,10,low,5.24,78.0,0.1,
Venezuela (Bolivarian Republic of),2010,Developing,73.7,158.0,9,7.22,0.0,78.0,0,59.3,10,low,5.4,78.0,0.1,
Venezuela (Bolivarian Republic of),2009,Developing,73.6,166.0,9,7.59,0.0,84.0,0,58.8,10,low,5.81,84.0,0.1,
Venezuela (Bolivarian Republic of),2008,Developing,73.2,168.0,9,8.18,0.0,53.0,0,58.2,10,low,3.98,5.0,0.1,
Venezuela (Bolivarian Republic of),2007,Developing,73.4,165.0,9,8.7,0.0,62.0,32,57.6,10,very low,5.25,62.0,0.1,
Venezuela (Bolivarian Republic of),2006,Developing,73.6,163.0,9,8.27,0.0,71.0,78,57.1,11,very low,4.85,71.0,0.1,
Venezuela (Bolivarian Republic of),2005,Developing,73.6,158.0,9,7.92,0.0,88.0,0,56.5,11,very low,4.69,87.0,0.1,
Venezuela (Bolivarian Republic of),2004,Developing,73.3,161.0,10,7.55,0.0,82.0,0,55.9,11,low,4.78,86.0,0.1,
Venezuela (Bolivarian Republic of),2003,Developing,72.4,172.0,10,6.3,0.0,72.0,0,55.3,12,low,4.93,68.0,0.1,
Venezuela (Bolivarian Republic of),2002,Developing,73.1,167.0,10,6.89,0.0,6.0,2392,54.7,12,low,4.93,65.0,0.1,
Venezuela (Bolivarian Republic of),2001,Developing,72.5,169.0,10,8.05,0.0,53.0,115,54.1,12,low,5.21,7.0,0.1,
Venezuela (Bolivarian Republic of),2000,Developing,72.5,168.0,11,8.01,0.0,5.0,22,53.4,13,low,4.91,77.0,0.1,
Viet Nam,2015,Developing,76.0,127.0,28,,0.0,97.0,256,17.5,35,high,,97.0,0.1,
Viet Nam,2014,Developing,75.9,128.0,28,4.09,0.0,95.0,15033,16.7,35,high,7.7,95.0,0.1,
Viet Nam,2013,Developing,75.7,129.0,28,4.0,0.0,59.0,1123,16.0,35,medium,7.17,59.0,0.1,
Viet Nam,2012,Developing,75.6,13.0,29,4.12,0.0,97.0,578,15.3,36,high,6.96,97.0,0.1,
Viet Nam,2011,Developing,75.4,131.0,29,3.94,0.0,95.0,750,14.7,36,high,6.2,95.0,0.1,
Viet Nam,2010,Developing,75.2,133.0,29,3.93,0.0,88.0,2809,14.0,35,medium,6.36,93.0,0.1,
Viet Nam,2009,Developing,75.0,134.0,29,3.86,0.0,94.0,6582,13.4,35,high,6.4,96.0,0.1,
Viet Nam,2008,Developing,74.9,135.0,28,3.58,0.0,87.0,352,12.9,35,medium,5.53,93.0,0.2,
Viet Nam,2007,Developing,74.7,136.0,28,3.01,0.0,67.0,17,12.3,35,medium,6.9,92.0,0.2,
Viet Nam,2006,Developing,74.6,136.0,28,2.56,0.0,93.0,1978,11.8,35,medium,5.56,94.0,0.2,
Viet Nam,2005,Developing,74.4,136.0,29,2.7,0.0,94.0,410,11.3,36,medium,5.38,95.0,0.2,
Viet Nam,2004,Developing,74.2,136.0,29,2.86,0.0,94.0,217,1.9,36,high,5.9,96.0,0.2,
Viet Nam,2003,Developing,74.0,137.0,30,2.19,0.0,78.0,2297,1.4,37,high,4.84,99.0,0.2,
Viet Nam,2002,Developing,73.8,137.0,30,2.03,0.0,,6755,1.0,39,medium,4.7,75.0,0.2,
Viet Nam,2001,Developing,73.6,138.0,32,1.84,0.0,,12058,9.6,41,high,5.17,96.0,0.1,
Viet Nam,2000,Developing,73.4,139.0,33,1.6,0.0,,16512,9.2,43,high,4.89,96.0,0.1,
Yemen,2015,Developing,65.7,224.0,37,,0.0,69.0,468,41.3,47,very low,,69.0,0.1,
Yemen,2014,Developing,65.4,228.0,37,0.01,0.0,73.0,815,4.4,47,very low,5.64,73.0,0.1,
Yemen,2013,Developing,65.4,226.0,36,0.04,0.0,73.0,400,39.6,46,very low,5.78,73.0,0.1,
Yemen,2012,Developing,64.7,236.0,36,0.04,0.0,67.0,2177,38.7,46,very low,5.73,67.0,0.1,
Yemen,2011,Developing,64.6,234.0,35,0.04,0.0,69.0,2676,37.9,45,very low,5.4,69.0,0.1,
Yemen,2010,Developing,64.4,233.0,35,0.06,0.0,76.0,510,37.2,45,low,5.17,76.0,0.1,
Yemen,2009,Developing,64.1,235.0,36,0.03,0.0,76.0,130,36.4,46,low,5.32,76.0,0.1,
Yemen,2008,Developing,63.8,238.0,37,0.04,0.0,78.0,7,35.7,47,low,5.12,78.0,0.1,
Yemen,2007,Developing,63.4,24.0,38,0.05,0.0,79.0,13,35.1,49,low,4.92,79.0,0.1,
Yemen,2006,Developing,63.0,242.0,39,0.04,0.0,78.0,8079,34.5,51,low,4.82,78.0,0.1,
Yemen,2005,Developing,62.6,245.0,40,0.04,0.0,8.0,6285,33.9,53,very low,4.58,79.0,0.1,
Yemen,2004,Developing,62.2,247.0,42,0.06,0.0,43.0,12708,33.3,56,very low,4.9,72.0,0.1,
Yemen,2003,Developing,61.9,249.0,43,0.04,0.0,38.0,8536,32.7,58,very low,5.0,61.0,0.1,
Yemen,2002,Developing,61.5,25.0,45,0.07,0.0,31.0,890,32.2,61,very low,4.22,65.0,0.1,
Yemen,2001,Developing,61.1,251.0,46,0.08,0.0,19.0,485,31.7,63,very low,4.34,73.0,0.1,
Yemen,2000,Developing,68.0,252.0,48,0.07,0.0,14.0,0,31.2,66,low,4.14,74.0,0.1,
Zambia,2015,Developing,61.8,33.0,27,,0.0,9.0,9,23.4,40,very low,,9.0,4.1,1313.889646
Zambia,2014,Developing,61.1,314.0,28,0.01,196.6675768,86.0,9,22.8,41,low,4.99,86.0,4.3,1738.8822
Zambia,2013,Developing,63.0,328.0,29,2.41,20.62306285,79.0,35,22.3,42,low,4.99,79.0,4.8,185.793359
Zambia,2012,Developing,59.2,349.0,29,2.59,196.9152496,78.0,896,21.7,43,very low,4.91,78.0,5.6,1734.93612
Zambia,2011,Developing,58.2,366.0,29,2.57,183.0461695,81.0,13234,21.2,44,low,4.26,81.0,6.3,1644.619672
Zambia,2010,Developing,58.0,363.0,30,2.47,184.3649102,83.0,15754,2.7,45,very low,4.41,83.0,6.8,1463.213573
Zambia,2009,Developing,57.4,368.0,30,2.3,143.8698873,94.0,26,2.2,47,medium,4.73,94.0,9.1,1139.11233
Zambia,2008,Developing,55.7,45.0,31,2.12,153.6783754,87.0,140,19.7,49,very low,4.87,87.0,11.9,1369.68249
Zambia,2007,Developing,52.6,487.0,32,2.08,10.85148218,8.0,535,19.2,51,low,4.37,8.0,13.6,114.587985
Zambia,2006,Developing,58.0,526.0,33,2.25,1.860003739,81.0,459,18.8,52,low,6.11,81.0,15.9,13.154199
Zambia,2005,Developing,49.3,554.0,34,2.33,121.879331,82.0,45,18.4,55,low,7.56,82.0,17.0,691.3178164
Zambia,2004,Developing,47.9,578.0,36,2.46,8.369851529,,35,18.0,59,low,7.33,83.0,17.6,53.2772217
Zambia,2003,Developing,46.4,64.0,39,2.33,65.78997404,,881,17.6,62,low,8.18,83.0,18.2,429.1583434
Zambia,2002,Developing,45.5,69.0,41,2.44,54.04348047,,25036,17.3,66,low,6.93,84.0,18.4,377.135244
Zambia,2001,Developing,44.6,611.0,43,2.61,46.83027463,,16997,17.1,70,low,6.56,85.0,18.6,378.2736238
Zambia,2000,Developing,43.8,614.0,44,2.62,45.61688038,,30930,16.8,72,low,7.16,85.0,18.7,341.955625
Zimbabwe,2015,Developing,67.0,336.0,22,,0.0,87.0,0,31.8,32,low,,87.0,6.2,118.69383
Zimbabwe,2014,Developing,59.2,371.0,23,6.5,10.82259524,91.0,0,31.3,34,medium,6.44,91.0,6.3,127.47462
Zimbabwe,2013,Developing,58.0,399.0,25,6.39,10.66670728,95.0,0,3.8,36,medium,6.88,95.0,6.8,111.227396
Zimbabwe,2012,Developing,56.6,429.0,26,6.09,92.60233636,97.0,0,3.3,39,medium,6.69,95.0,8.8,955.648466
Zimbabwe,2011,Developing,54.9,464.0,28,6.0,63.75053034,94.0,0,29.9,42,medium,6.31,93.0,13.3,839.927936
Zimbabwe,2010,Developing,52.4,527.0,29,5.21,53.30858081,9.0,9696,29.4,44,medium,5.37,89.0,15.7,713.63562
Zimbabwe,2009,Developing,50.0,587.0,30,4.64,1.040021112,73.0,853,29.0,45,very low,6.26,73.0,18.1,65.824121
Zimbabwe,2008,Developing,48.2,632.0,30,3.56,20.84342867,75.0,0,28.6,46,low,4.96,75.0,20.5,325.678573
Zimbabwe,2007,Developing,46.6,67.0,29,3.88,29.81456607,72.0,242,28.2,46,very low,4.47,73.0,23.7,396.9982166
Zimbabwe,2006,Developing,45.4,7.0,28,4.57,34.26216876,68.0,212,27.9,45,very low,5.12,7.0,26.8,414.796232
Zimbabwe,2005,Developing,44.6,717.0,28,4.14,8.7174087,65.0,420,27.5,43,very low,6.44,68.0,30.3,444.76575
Zimbabwe,2004,Developing,44.3,723.0,27,4.36,0.0,68.0,31,27.1,42,very low,7.13,65.0,33.6,454.366654
Zimbabwe,2003,Developing,44.5,715.0,26,4.06,0.0,7.0,998,26.7,41,very low,6.52,68.0,36.7,453.3511552
Zimbabwe,2002,Developing,44.8,73.0,25,4.43,0.0,73.0,304,26.3,40,very low,6.53,71.0,39.8,57.34834
Zimbabwe,2001,Developing,45.3,686.0,25,1.72,0.0,76.0,529,25.9,39,low,6.16,75.0,42.1,548.587312
Zimbabwe,2000,Developing,46.0,665.0,24,1.68,0.0,79.0,1483,25.5,39,low,7.1,78.0,43.5,547.3588785
