pH,sulphates,alcohol,quality,id,place
3.51,0.56,9.4,5,1000,unknown
3.2,0.68,9.8,5,1001,north
3.26,0.65,9.8,5,1002,unknown
3.16,0.58,9.8,6,1003,west
3.51,0.56,9.4,5,1004,west
3.51,0.56,9.4,5,1005,south
3.3,0.46,9.4,5,1006,unknown
3.39,0.47,10.0,7,1007,south
3.36,0.57,9.5,7,1008,west
3.35,0.8,10.5,5,1009,east
3.28,0.54,9.2,5,1010,south
3.35,0.8,10.5,5,1011,south
3.58,0.52,9.9,5,1012,west
3.26,1.56,9.1,5,1013,north
3.16,0.88,9.2,5,1014,north
3.17,0.93,6.3,5,1015,west
3.3,0.75,10.5,7,1016,north
3.11,1.28,9.3,5,1017,west
3.38,0.5,9.0,4,1018,unknown
3.04,1.08,9.2,6,1019,west
3.39,0.53,9.4,6,1020,south
3.52,0.65,9.7,5,1021,west
3.17,0.91,9.5,5,1022,unknown
3.17,0.53,9.4,5,1023,west
3.43,0.63,9.7,6,1024,north
3.34,0.56,9.3,5,1025,west
3.28,0.59,9.5,5,1026,north
3.17,0.91,9.5,5,1027,unknown
3.47,0.55,9.4,5,1028,west
3.38,0.59,9.8,6,1029,east
3.35,0.54,10.1,5,1030,south
3.46,0.57,10.6,6,1031,east
3.17,0.66,9.8,5,1032,east
3.45,0.52,9.4,6,1033,unknown
3.38,0.55,9.2,5,1034,east
3.4,0.55,9.6,6,1035,west
3.42,0.6,10.8,6,1036,south
3.23,0.73,9.7,7,1037,north
3.5,0.48,9.8,4,1038,unknown
3.33,0.83,10.5,5,1039,unknown
3.33,0.83,10.5,5,1040,west
3.26,0.51,9.3,4,1041,north
3.21,0.9,10.5,6,1042,east
3.3,1.2,10.3,5,1043,unknown
3.48,0.52,9.5,5,1044,east
3.9,0.56,13.1,4,1045,east
3.25,0.73,9.2,5,1046,south
3.25,0.58,9.5,5,1047,north
3.34,0.56,9.2,5,1048,north
3.32,0.58,9.2,5,1049,east
3.15,0.74,9.2,5,1050,south
3.4,0.63,9.4,6,1051,north
3.39,0.64,9.4,6,1052,east
3.2,0.56,9.4,5,1053,north
3.17,0.63,10.2,6,1054,west
3.34,0.53,9.5,5,1055,north
3.04,0.63,9.6,5,1056,west
3.26,0.77,9.4,5,1057,west
3.43,0.59,10.0,5,1058,east
3.41,0.54,9.4,6,1059,south
3.44,0.64,9.2,5,1060,west
3.21,0.71,9.3,5,1061,south
3.38,0.62,9.5,7,1062,south
3.39,0.57,9.8,5,1063,west
3.41,0.39,10.9,5,1064,unknown
3.41,0.39,10.9,5,1065,north
3.42,0.58,9.6,5,1066,south
3.44,0.58,10.7,5,1067,west
3.28,0.79,10.7,5,1068,south
3.34,0.95,10.5,6,1069,west
3.32,0.54,9.5,6,1070,west
3.32,0.48,9.5,5,1071,unknown
3.31,0.48,9.5,5,1072,east
3.31,0.53,9.2,4,1073,west
3.28,0.82,9.6,5,1074,south
3.54,0.66,10.5,5,1075,north
3.54,0.66,10.5,5,1076,west
3.52,0.55,10.7,6,1077,north
3.38,0.52,10.1,5,1078,west
3.16,1.12,9.1,4,1079,east
3.41,0.56,9.2,5,1080,west
3.13,1.28,9.4,5,1081,unknown
3.36,0.57,9.1,5,1082,east
3.16,1.14,9.4,5,1083,west
3.44,0.78,10.3,6,1084,west
3.41,0.59,10.1,5,1085,east
2.93,1.95,9.9,6,1086,east
3.39,0.64,9.6,5,1087,east
3.14,1.22,9.5,5,1088,west
3.48,0.53,9.0,5,1089,unknown
3.23,0.54,9.5,5,1090,north
2.93,1.95,9.9,6,1091,south
2.93,1.98,9.8,5,1092,north
3.39,0.64,9.6,5,1093,north
3.75,0.48,10.5,4,1094,south
3.85,0.6,12.9,6,1095,unknown
3.45,0.56,10.7,5,1096,south
3.25,0.63,9.2,5,1097,east
3.39,0.56,9.8,5,1098,north
3.3,0.59,9.0,6,1099,west
3.4,0.61,10.2,6,1100,east
3.31,0.56,10.4,6,1101,north
3.3,0.59,9.0,6,1102,south
3.29,0.51,9.2,5,1103,south
3.33,0.48,9.4,5,1104,south
3.29,0.51,9.2,5,1105,south
3.08,1.31,9.3,5,1106,north
3.46,0.79,9.3,5,1107,unknown
3.37,0.8,9.6,6,1108,east
3.21,0.69,9.3,5,1109,west
3.19,0.93,9.5,5,1110,south
3.15,0.66,9.8,5,1111,north
3.15,0.66,9.8,5,1112,unknown
3.32,0.67,9.7,6,1113,west
3.19,0.93,9.5,5,1114,unknown
3.07,0.63,10.5,6,1115,north
3.39,0.61,10.0,6,1116,unknown
3.37,0.5,9.4,6,1117,south
3.21,0.6,10.9,6,1118,north
3.34,0.54,9.2,6,1119,north
3.3,0.57,9.0,5,1120,south
3.21,0.6,10.9,6,1121,south
3.49,0.52,9.2,5,1122,north
3.44,0.53,9.5,5,1123,east
3.39,0.48,9.5,5,1124,west
3.16,0.7,9.4,5,1125,south
3.53,0.49,10.9,5,1126,south
3.54,0.48,10.9,5,1127,north
3.42,0.92,10.5,7,1128,west
3.42,0.57,9.4,5,1129,west
3.24,0.66,9.4,5,1130,north
3.63,0.63,13.0,5,1131,unknown
3.63,0.63,13.0,5,1132,south
3.4,0.58,9.8,6,1133,north
3.22,0.55,9.9,6,1134,north
3.19,0.82,9.6,5,1135,north
3.23,0.77,9.5,5,1136,south
3.48,0.64,9.2,5,1137,north
3.33,0.54,9.5,5,1138,west
3.32,0.54,9.5,5,1139,south
3.19,0.82,9.6,5,1140,west
3.23,0.77,9.5,5,1141,west
3.68,0.79,14.0,6,1142,unknown
3.34,0.58,9.4,5,1143,west
3.68,0.79,14.0,6,1144,east
3.17,0.62,9.4,5,1145,east
3.54,0.52,10.0,5,1146,east
3.11,0.8,9.3,5,1147,north
3.42,0.58,10.2,6,1148,east
3.53,0.61,5.4,6,1149,east
3.33,0.53,10.3,6,1150,east
2.74,2.0,9.4,4,1151,north
3.35,0.54,10.1,5,1152,west
3.35,0.54,10.1,5,1153,south
3.42,0.72,10.5,5,1154,east
3.42,0.71,10.5,5,1155,south
3.42,0.72,10.5,5,1156,north
3.42,0.71,10.5,5,1157,west
3.48,0.5,9.3,5,1158,unknown
3.59,0.57,9.3,6,1159,west
3.2,0.56,9.6,5,1160,unknown
3.17,1.08,9.2,4,1161,east
3.33,0.56,10.0,6,1162,north
3.37,0.49,9.4,5,1163,west
3.37,0.49,9.4,5,1164,south
3.19,0.62,9.5,5,1165,unknown
3.34,0.52,10.2,5,1166,west
3.37,0.48,9.0,4,1167,east
3.47,0.55,10.4,6,1168,west
3.0,1.59,9.5,5,1169,east
3.36,0.33,9.1,4,1170,unknown
3.29,0.61,9.2,6,1171,north
3.29,0.61,9.2,6,1172,south
3.42,0.57,11.5,6,1173,east
3.33,0.47,9.5,5,1174,east
3.35,0.78,9.5,5,1175,west
3.33,0.47,9.5,5,1176,unknown
3.58,0.61,10.5,6,1177,west
3.48,0.56,9.6,5,1178,west
3.19,0.59,9.5,5,1179,north
3.19,0.59,9.5,5,1180,unknown
3.12,1.02,9.3,5,1181,unknown
3.44,0.52,9.3,5,1182,north
3.54,0.58,9.3,5,1183,east
3.52,0.58,9.3,6,1184,north
3.26,0.53,9.7,5,1185,unknown
3.34,0.55,9.2,5,1186,west
3.39,0.49,9.7,5,1187,west
3.2,0.55,9.5,5,1188,unknown
3.2,0.55,9.5,5,1189,unknown
3.23,0.62,9.4,5,1190,west
3.57,0.62,9.8,6,1191,unknown
3.28,0.61,9.5,5,1192,west
3.28,0.55,9.7,5,1193,unknown
3.28,0.55,9.7,5,1194,east
3.25,0.54,9.4,5,1195,north
3.46,0.59,10.2,5,1196,east
3.11,0.97,10.1,6,1197,south
3.57,0.85,13.0,7,1198,north
3.51,0.43,11.4,4,1199,west
3.22,0.82,10.3,7,1200,west
3.04,1.03,9.3,5,1201,east
3.36,0.79,9.5,5,1202,north
3.34,0.55,9.2,5,1203,unknown
3.34,0.56,9.2,6,1204,north
3.2,0.77,10.8,7,1205,east
3.2,0.77,10.8,7,1206,south
3.29,0.53,9.3,5,1207,north
3.22,0.67,9.4,5,1208,unknown
3.31,0.88,10.5,7,1209,south
3.3,0.86,12.4,6,1210,south
3.35,0.56,10.0,6,1211,south
3.21,0.67,10.2,6,1212,south
3.3,0.43,10.1,5,1213,west
3.24,0.71,9.8,6,1214,west
3.34,0.76,10.5,5,1215,east
3.14,0.57,11.0,5,1216,east
3.36,0.55,9.1,5,1217,east
3.39,0.54,9.7,5,1218,unknown
3.3,0.6,9.5,5,1219,unknown
3.34,0.59,9.4,6,1220,south
3.15,0.57,9.4,5,1221,south
3.42,0.6,9.5,5,1222,north
3.28,0.6,10.0,6,1223,north
3.31,0.57,10.4,4,1224,unknown
3.37,0.58,10.5,6,1225,south
3.04,1.61,9.5,6,1226,west
3.39,0.63,9.8,5,1227,unknown
3.37,0.58,10.5,6,1228,north
3.46,0.5,11.0,5,1229,east
3.54,0.62,12.2,7,1230,north
3.37,0.52,9.9,6,1231,east
3.34,0.7,9.6,6,1232,unknown
3.46,0.5,11.0,5,1233,east
3.32,0.55,9.0,6,1234,south
3.37,0.58,9.0,6,1235,west
3.37,0.58,9.0,6,1236,east
3.37,0.58,9.2,6,1237,west
3.37,0.58,9.0,6,1238,north
3.32,0.55,9.0,6,1239,west
3.0,1.09,9.3,5,1240,east
3.14,0.71,10.9,6,1241,unknown
3.08,0.49,9.8,6,1242,north
3.07,0.84,9.2,7,1243,unknown
3.07,0.84,9.2,7,1244,east
3.61,0.96,9.9,6,1245,north
3.38,0.52,9.5,5,1246,west
3.2,0.45,9.3,5,1247,south
3.35,0.48,9.8,6,1248,unknown
3.61,0.96,9.9,6,1249,south
3.22,0.78,10.0,6,1250,east
3.47,0.7,9.9,6,1251,west
3.17,0.53,10.5,5,1252,east
3.23,0.59,9.5,5,1253,east
3.47,0.7,9.9,6,1254,north
3.26,0.57,9.3,5,1255,north
3.22,0.62,9.2,5,1256,south
3.49,0.67,9.2,5,1257,unknown
3.06,1.26,9.4,5,1258,unknown
3.36,0.8,10.5,7,1259,east
3.29,0.65,9.3,5,1260,south
3.35,0.6,9.4,4,1261,unknown
3.34,0.57,10.0,5,1262,north
3.28,0.67,9.3,5,1263,east
3.08,0.87,10.9,5,1264,north
3.2,0.72,10.2,7,1265,north
3.6,0.72,9.8,4,1266,north
3.35,0.86,12.8,8,1267,north
3.69,0.91,9.4,6,1268,south
3.28,0.97,10.1,6,1269,east
3.36,0.67,10.7,6,1270,east
3.28,0.97,10.1,6,1271,south
3.22,0.78,10.1,5,1272,west
3.31,0.64,9.4,5,1273,south
3.38,0.77,9.4,5,1274,east
3.36,0.67,10.7,6,1275,west
3.69,0.91,9.4,6,1276,east
3.28,0.97,10.1,6,1277,north
3.23,0.82,12.6,8,1278,west
3.38,0.77,10.5,7,1279,north
3.12,0.82,9.3,6,1280,north
3.25,1.08,9.9,7,1281,unknown
3.36,0.57,9.1,5,1282,south
3.38,0.77,10.5,7,1283,east
3.31,0.71,9.8,5,1284,east
3.31,0.71,9.8,5,1285,south
3.1,0.76,10.3,6,1286,south
3.37,0.7,10.3,6,1287,south
3.34,0.86,10.6,7,1288,north
3.2,0.95,9.2,5,1289,north
3.34,0.86,10.6,7,1290,unknown
3.3,0.71,10.5,5,1291,south
3.22,0.64,10.3,6,1292,north
3.41,0.6,10.1,6,1293,south
3.05,0.81,9.5,6,1294,unknown
3.05,0.64,9.5,5,1295,west
3.16,0.52,9.9,5,1296,west
3.67,0.73,9.6,5,1297,unknown
3.67,0.8,9.7,5,1298,south
3.68,0.71,9.6,5,1299,south
3.38,0.59,10.7,6,1300,north
3.22,0.64,10.1,6,1301,south
3.51,0.72,10.0,5,1302,unknown
3.39,0.54,9.5,5,1303,south
3.2,0.52,9.2,5,1304,east
3.12,0.59,9.3,6,1305,south
3.36,0.52,9.4,5,1306,unknown
3.19,0.62,9.5,6,1307,west
3.19,0.63,9.5,6,1308,west
3.41,0.53,9.5,6,1309,west
3.12,0.59,9.3,6,1310,unknown
3.27,0.54,9.4,6,1311,north
3.32,0.63,9.5,6,1312,unknown
3.3,0.53,9.4,5,1313,south
3.39,0.68,11.0,5,1314,west
3.42,0.65,11.0,6,1315,south
3.3,0.65,10.1,5,1316,west
3.3,0.64,10.4,6,1317,east
3.37,0.71,11.5,7,1318,north
3.3,0.64,10.4,6,1319,east
3.37,0.71,11.5,7,1320,unknown
3.24,0.62,9.7,5,1321,west
3.29,0.63,9.3,5,1322,north
3.28,0.7,9.5,6,1323,east
3.16,0.69,9.2,6,1324,west
3.16,0.69,9.2,6,1325,west
3.05,0.74,11.5,7,1326,north
3.28,0.83,11.5,5,1327,unknown
3.16,0.67,9.7,6,1328,south
3.18,0.62,9.5,5,1329,unknown
3.23,0.66,12.5,6,1330,west
3.23,0.66,12.5,6,1331,north
3.22,0.54,9.4,6,1332,north
3.13,0.52,11.0,5,1333,unknown
3.34,0.74,11.7,7,1334,south
3.17,0.84,12.2,7,1335,unknown
3.35,0.7,12.5,6,1336,unknown
3.31,0.64,10.3,5,1337,south
3.16,1.0,11.5,6,1338,south
3.11,1.36,9.8,7,1339,west
3.12,1.18,9.2,6,1340,north
3.21,0.87,11.3,6,1341,west
3.3,0.75,9.8,6,1342,south
3.3,0.75,9.8,6,1343,west
3.12,0.78,10.7,6,1344,unknown
3.6,0.81,9.9,5,1345,east
3.58,0.89,12.3,7,1346,south
3.02,0.93,12.0,6,1347,west
3.11,0.92,10.0,6,1348,north
3.36,0.86,9.4,6,1349,unknown
3.28,0.98,9.9,6,1350,north
3.35,0.83,9.4,6,1351,south
3.27,0.73,9.3,5,1352,east
3.18,0.77,13.0,5,1353,south
3.25,0.59,11.9,6,1354,south
3.55,0.61,12.8,6,1355,east
3.26,0.88,11.0,5,1356,east
3.24,0.75,11.7,7,1357,west
3.15,0.85,10.4,7,1358,unknown
3.17,0.68,9.8,6,1359,unknown
3.19,0.7,9.4,5,1360,west
3.37,0.91,9.9,6,1361,north
3.05,0.56,10.0,5,1362,south
2.99,0.87,10.2,5,1363,unknown
3.07,0.73,10.0,7,1364,west
3.26,0.93,11.8,6,1365,west
3.07,0.73,10.0,7,1366,south
3.16,0.69,9.0,5,1367,west
3.18,0.64,9.4,5,1368,south
3.2,1.13,12.0,7,1369,south
3.57,0.78,9.9,5,1370,south
3.32,0.87,8.7,6,1371,south
3.32,1.04,10.6,6,1372,north
3.05,0.63,9.2,5,1373,north
3.01,0.81,10.8,6,1374,south
3.01,0.83,11.8,7,1375,south
3.26,1.11,11.0,6,1376,east
3.2,1.13,12.0,7,1377,south
3.11,0.99,13.3,6,1378,west
3.31,0.7,10.8,6,1379,unknown
3.21,0.8,9.4,6,1380,north
3.06,0.8,10.0,6,1381,south
3.21,0.8,9.4,6,1382,south
3.21,0.8,9.4,6,1383,west
3.42,0.74,9.2,5,1384,east
3.43,0.76,9.7,6,1385,north
3.41,0.74,9.2,6,1386,north
3.31,0.54,9.6,6,1387,north
3.43,0.74,9.2,6,1388,south
3.19,0.7,10.0,7,1389,south
3.56,0.82,12.9,8,1390,south
3.06,0.8,10.0,6,1391,south
3.18,0.51,9.5,5,1392,east
3.16,0.54,9.1,5,1393,west
3.03,0.57,9.9,5,1394,west
3.22,0.6,13.0,7,1395,unknown
3.47,0.53,9.9,5,1396,north
3.18,0.65,11.0,6,1397,north
3.18,0.65,11.0,6,1398,south
3.1,0.55,9.4,5,1399,east
3.47,0.53,9.9,5,1400,south
3.29,0.47,10.8,6,1401,unknown
3.1,0.61,10.5,6,1402,east
3.15,0.63,10.5,6,1403,south
3.26,0.61,9.1,5,1404,west
3.36,0.76,10.1,6,1405,north
3.24,0.65,10.8,6,1406,east
3.18,0.63,10.8,7,1407,south
3.19,0.7,11.3,6,1408,north
3.05,0.57,9.6,4,1409,unknown
3.38,0.62,9.5,6,1410,unknown
3.38,0.62,9.5,5,1411,unknown
3.27,0.64,9.3,5,1412,unknown
3.27,0.82,11.7,7,1413,north
3.26,0.61,9.5,5,1414,south
3.32,1.07,9.3,5,1415,unknown
3.26,0.66,11.7,6,1416,unknown
3.44,0.48,10.5,5,1417,west
3.24,0.76,10.4,6,1418,unknown
3.62,0.68,9.9,5,1419,unknown
3.28,0.73,11.8,7,1420,unknown
3.52,0.56,12.3,7,1421,north
3.36,0.44,10.9,5,1422,east
3.15,0.9,11.0,7,1423,south
3.36,0.44,10.9,5,1424,south
3.52,0.56,12.3,7,1425,east
3.49,0.49,11.4,6,1426,east
3.26,0.56,10.6,6,1427,unknown
3.24,0.6,9.3,5,1428,north
3.1,0.6,10.4,6,1429,north
3.15,0.9,11.0,7,1430,south
3.25,0.56,9.2,5,1431,south
3.0,0.65,12.8,6,1432,unknown
3.16,0.49,9.5,5,1433,unknown
3.15,0.89,9.9,6,1434,unknown
3.16,0.49,9.5,5,1435,north
3.26,0.56,10.2,6,1436,east
3.17,0.66,11.2,6,1437,north
3.15,0.89,9.9,6,1438,unknown
3.08,0.6,9.3,5,1439,unknown
2.88,0.82,9.8,8,1440,south
3.06,0.68,11.3,6,1441,south
2.95,0.68,11.2,7,1442,west
3.23,0.63,11.6,7,1443,east
3.57,0.84,12.5,7,1444,south
3.23,0.56,10.1,6,1445,west
3.1,0.73,10.5,5,1446,west
3.22,0.72,11.2,5,1447,unknown
3.2,0.56,10.2,6,1448,west
3.1,0.61,10.8,6,1449,east
3.1,0.61,10.8,6,1450,south
3.06,1.06,9.1,6,1451,south
3.44,0.63,10.0,6,1452,east
3.26,0.74,11.2,7,1453,west
3.5,0.63,11.1,5,1454,north
3.22,0.69,13.4,8,1455,unknown
3.37,0.58,10.3,5,1456,west
3.28,0.58,9.6,5,1457,north
3.26,0.74,11.2,7,1458,unknown
3.25,0.57,9.0,3,1459,south
3.35,0.61,11.3,6,1460,east
3.26,0.61,9.3,5,1461,unknown
3.18,0.61,11.8,5,1462,west
3.08,0.53,9.0,5,1463,unknown
2.98,0.7,9.2,6,1464,south
3.48,0.91,9.7,5,1465,south
3.16,0.72,11.5,6,1466,east
3.32,0.79,14.0,6,1467,east
3.17,0.62,9.2,6,1468,north
3.2,0.58,9.8,5,1469,south
3.05,0.61,10.6,5,1470,north
3.2,0.71,11.4,6,1471,east
3.15,0.82,10.4,6,1472,east
3.26,0.79,10.6,5,1473,south
3.2,0.89,9.4,6,1474,south
3.14,0.6,10.2,5,1475,south
3.28,0.7,9.7,5,1476,east
3.18,1.06,11.0,6,1477,south
3.14,0.6,10.2,5,1478,west
3.19,0.7,10.1,6,1479,west
3.12,0.66,9.2,5,1480,west
3.15,0.92,11.7,8,1481,north
3.04,1.05,9.4,5,1482,east
3.04,1.06,9.4,5,1483,west
3.06,0.66,13.4,6,1484,unknown
3.17,0.47,10.0,5,1485,unknown
3.17,0.47,10.0,5,1486,south
3.17,0.42,10.0,6,1487,unknown
3.32,0.92,10.8,7,1488,east
3.34,0.75,10.2,6,1489,south
3.31,0.67,10.6,6,1490,east
3.34,0.79,13.3,7,1491,west
3.32,0.9,13.4,7,1492,south
3.48,0.74,11.6,6,1493,north
3.44,0.55,12.1,6,1494,south
3.15,0.65,11.0,8,1495,east
3.43,0.65,9.0,6,1496,unknown
3.32,0.79,11.1,5,1497,east
3.15,0.65,11.0,8,1498,west
3.48,0.74,11.6,6,1499,north
3.43,0.65,9.0,6,1500,east
3.17,0.85,12.0,7,1501,west
3.17,0.85,12.0,7,1502,west
3.18,1.04,10.9,7,1503,west
3.21,1.05,10.8,7,1504,west
3.16,0.78,12.5,7,1505,east
3.25,1.02,10.8,7,1506,east
3.17,0.71,9.5,6,1507,east
3.18,0.63,10.2,6,1508,east
3.04,0.68,11.4,7,1509,north
3.02,0.61,9.5,5,1510,unknown
3.18,0.63,10.2,6,1511,unknown
3.03,0.81,9.7,6,1512,south
3.09,0.66,11.8,7,1513,unknown
3.09,0.66,11.8,7,1514,north
3.31,1.14,9.3,5,1515,unknown
3.25,0.74,11.9,6,1516,north
3.16,0.63,8.4,3,1517,south
3.22,0.68,11.7,6,1518,north
3.36,0.78,11.0,5,1519,north
3.42,0.9,10.0,6,1520,east
3.48,0.64,9.1,5,1521,west
3.38,0.99,9.8,5,1522,east
3.22,0.55,9.4,5,1523,east
3.23,0.64,9.5,5,1524,west
3.24,0.67,9.9,5,1525,east
3.36,0.78,11.0,5,1526,south
3.39,0.77,11.4,6,1527,east
3.34,0.75,8.7,6,1528,east
3.09,0.57,9.4,5,1529,south
3.41,0.87,10.3,6,1530,east
3.16,0.61,10.3,5,1531,unknown
3.16,0.61,10.3,5,1532,south
3.22,0.66,12.8,6,1533,unknown
3.28,0.56,10.0,6,1534,south
3.41,0.87,10.3,6,1535,unknown
3.09,0.57,9.4,5,1536,west
3.37,0.77,10.7,6,1537,south
3.2,0.66,12.0,7,1538,unknown
3.22,0.62,11.2,5,1539,south
3.26,0.67,9.6,5,1540,west
3.21,0.73,11.0,6,1541,unknown
3.12,0.59,9.9,5,1542,north
3.06,0.72,11.0,6,1543,west
2.86,0.79,8.4,6,1544,unknown
3.08,0.59,9.1,5,1545,south
3.45,0.78,9.5,6,1546,south
3.26,0.86,10.7,6,1547,west
3.12,0.75,10.4,6,1548,east
3.27,0.61,9.4,6,1549,unknown
3.33,0.56,9.5,6,1550,north
3.19,0.73,10.0,6,1551,west
3.12,0.74,10.0,6,1552,unknown
3.74,0.62,11.5,5,1553,west
2.92,0.74,11.1,5,1554,east
2.92,0.74,11.1,5,1555,east
3.07,0.56,11.7,6,1556,west
2.92,0.74,11.1,5,1557,west
3.07,0.56,11.7,6,1558,east
3.3,0.68,12.7,6,1559,west
3.14,0.57,11.4,5,1560,north
3.23,0.58,9.2,5,1561,unknown
3.08,0.61,9.2,5,1562,east
3.31,0.61,10.1,6,1563,north
3.3,0.68,12.7,6,1564,unknown
3.14,0.57,11.4,5,1565,north
3.32,0.6,9.0,6,1566,north
3.32,0.6,9.0,6,1567,west
3.31,0.79,10.7,6,1568,south
3.57,0.57,11.7,6,1569,unknown
3.32,0.91,11.0,6,1570,unknown
3.57,0.57,11.7,6,1571,south
3.14,0.61,10.4,5,1572,south
3.3,0.56,9.6,4,1573,unknown
3.19,0.7,10.0,6,1574,unknown
3.2,0.8,10.2,6,1575,unknown
3.34,0.52,10.0,4,1576,south
3.3,0.6,9.5,5,1577,west
3.29,0.6,9.8,5,1578,south
3.14,0.51,9.8,6,1579,east
3.19,0.44,9.6,5,1580,west
3.19,0.44,9.6,5,1581,north
3.19,0.43,9.2,5,1582,south
2.98,0.66,9.9,7,1583,west
3.3,0.76,10.7,7,1584,north
3.47,0.66,9.6,6,1585,south
3.12,1.02,10.6,7,1586,south
3.26,0.59,9.3,5,1587,west
3.72,0.74,14.0,8,1588,south
3.05,0.74,10.5,7,1589,unknown
3.35,0.57,9.7,5,1590,south
3.12,0.5,11.5,6,1591,east
3.35,0.57,9.7,5,1592,unknown
3.29,0.58,9.0,5,1593,west
3.4,0.53,9.5,5,1594,east
3.27,0.57,9.3,5,1595,unknown
3.04,0.6,9.3,6,1596,west
3.09,0.63,10.0,6,1597,south
3.2,0.48,9.8,6,1598,unknown
3.0,0.7,9.3,6,1599,east
3.26,0.47,10.0,4,1600,unknown
3.1,0.56,9.0,6,1601,unknown
3.3,0.52,9.3,5,1602,south
3.1,0.56,9.0,6,1603,north
3.17,0.62,9.1,6,1604,unknown
3.31,0.59,9.2,6,1605,west
3.34,0.79,12.2,7,1606,west
3.31,0.53,10.5,6,1607,east
3.32,0.64,10.4,6,1608,east
3.56,0.52,12.7,6,1609,north
3.39,0.54,9.2,5,1610,unknown
2.98,0.54,9.4,5,1611,north
3.32,0.6,10.0,6,1612,south
3.26,0.74,9.8,5,1613,south
2.87,1.36,10.2,6,1614,unknown
3.5,0.57,9.7,5,1615,west
3.5,0.57,9.7,5,1616,east
3.03,0.93,9.8,6,1617,west
3.13,0.7,10.2,5,1618,north
3.09,0.8,9.3,5,1619,unknown
3.27,0.61,9.4,5,1620,unknown
3.28,0.62,9.4,5,1621,unknown
3.13,0.55,9.5,5,1622,north
3.49,0.96,12.1,6,1623,unknown
3.46,0.72,10.2,5,1624,unknown
3.46,0.72,10.2,5,1625,unknown
3.36,0.49,9.1,5,1626,unknown
3.36,0.49,9.1,5,1627,unknown
3.27,0.6,9.3,6,1628,west
3.21,0.61,9.3,5,1629,west
3.27,0.6,9.3,6,1630,east
3.25,0.63,9.5,5,1631,north
3.32,0.57,10.5,6,1632,unknown
3.43,0.64,11.3,4,1633,north
3.27,0.58,9.5,5,1634,north
3.27,0.55,9.7,5,1635,east
3.24,0.53,9.4,5,1636,north
3.24,0.53,9.4,5,1637,east
3.35,0.65,10.2,7,1638,unknown
3.18,1.36,10.3,6,1639,unknown
3.39,0.62,9.4,5,1640,unknown
3.46,0.63,9.5,5,1641,east
3.39,0.62,9.4,5,1642,north
3.46,0.63,9.5,5,1643,north
3.39,0.62,9.4,5,1644,north
3.37,0.69,10.1,7,1645,east
3.4,0.63,10.1,5,1646,unknown
3.32,0.58,11.0,4,1647,west
3.33,0.67,11.2,7,1648,unknown
3.16,0.57,11.3,6,1649,east
2.89,0.5,9.6,5,1650,north
3.41,0.67,11.2,5,1651,west
2.98,0.84,14.9,5,1652,unknown
3.12,0.54,12.0,6,1653,west
3.08,0.46,9.5,5,1654,west
3.14,0.61,9.4,5,1655,west
2.89,0.5,9.6,5,1656,east
2.92,0.68,10.5,7,1657,north
3.32,0.81,9.6,6,1658,south
3.41,0.57,11.0,4,1659,north
3.32,0.81,9.6,6,1660,south
3.31,0.64,9.0,5,1661,south
3.36,0.7,9.6,6,1662,north
3.04,0.79,10.2,6,1663,east
3.03,0.66,10.2,5,1664,west
3.14,0.56,9.7,5,1665,unknown
3.18,0.6,9.5,6,1666,west
2.94,0.66,9.2,6,1667,south
3.15,0.57,11.0,5,1668,unknown
2.94,0.66,9.2,6,1669,east
3.26,0.58,10.0,5,1670,north
3.2,0.52,9.5,5,1671,unknown
3.15,0.53,9.5,5,1672,east
3.2,0.52,9.5,5,1673,south
3.08,0.67,9.3,6,1674,west
3.26,0.65,10.2,5,1675,unknown
3.08,0.67,9.3,6,1676,west
3.4,0.48,9.9,5,1677,north
3.48,0.53,10.0,5,1678,south
3.13,0.54,9.6,5,1679,south
3.06,0.49,9.0,5,1680,west
3.21,0.49,10.2,6,1681,west
3.33,0.54,9.8,5,1682,south
3.37,0.56,11.3,5,1683,south
3.25,0.48,9.4,5,1684,south
3.37,0.56,11.3,5,1685,north
3.44,0.6,9.1,5,1686,east
3.28,0.59,9.7,5,1687,east
3.4,0.47,9.4,5,1688,north
3.3,1.05,9.4,5,1689,south
3.63,0.54,10.7,3,1690,north
3.48,0.54,9.8,5,1691,unknown
3.03,1.17,9.0,5,1692,east
3.32,0.62,9.4,5,1693,east
3.31,0.61,9.4,5,1694,west
3.9,0.62,12.8,6,1695,south
3.47,0.67,9.5,6,1696,north
3.47,0.67,9.5,6,1697,south
3.31,0.53,9.7,5,1698,north
3.11,0.62,10.8,6,1699,unknown
3.08,0.57,10.1,6,1700,east
3.47,0.67,9.5,6,1701,unknown
3.47,0.67,9.4,6,1702,unknown
3.32,0.7,9.6,4,1703,north
3.29,0.54,9.7,4,1704,unknown
3.37,0.49,9.9,5,1705,unknown
3.4,0.47,10.0,5,1706,south
3.37,0.51,10.5,5,1707,unknown
3.34,0.61,11.6,6,1708,east
3.27,0.66,10.0,6,1709,west
3.06,0.57,10.1,5,1710,unknown
3.38,0.61,9.5,5,1711,west
3.36,0.45,9.4,5,1712,south
3.34,0.46,9.4,5,1713,east
3.28,0.51,9.8,5,1714,south
3.29,0.48,9.2,6,1715,west
3.34,0.46,9.4,5,1716,west
3.21,0.57,10.0,5,1717,east
3.22,0.44,9.6,5,1718,north
3.46,0.54,9.5,5,1719,unknown
3.22,0.44,9.6,5,1720,north
3.1,0.53,9.2,5,1721,north
3.21,0.59,10.0,5,1722,unknown
2.94,1.62,9.5,5,1723,south
3.54,0.6,11.2,4,1724,unknown
3.29,0.55,10.4,5,1725,west
3.43,0.72,11.1,6,1726,west
3.46,0.68,9.5,5,1727,east
3.46,0.68,9.5,5,1728,south
3.61,0.49,12.7,6,1729,unknown
3.17,0.67,9.6,5,1730,unknown
3.44,0.52,11.5,5,1731,south
3.39,0.47,9.6,5,1732,west
3.55,0.6,9.5,5,1733,west
3.48,0.62,9.3,5,1734,west
3.26,0.5,9.5,5,1735,east
3.26,0.5,9.5,5,1736,west
3.5,0.65,9.3,6,1737,unknown
3.1,0.56,9.2,5,1738,west
3.35,0.6,9.3,5,1739,unknown
3.45,0.68,11.5,6,1740,west
3.21,0.57,9.5,5,1741,west
3.46,0.65,9.2,5,1742,south
3.13,0.53,10.0,5,1743,east
3.13,0.51,9.5,5,1744,south
3.52,0.73,9.5,6,1745,unknown
3.3,0.47,9.0,6,1746,north
3.3,0.48,9.4,5,1747,south
3.52,0.72,9.6,6,1748,west
3.52,0.73,9.5,6,1749,south
3.29,0.55,9.5,5,1750,unknown
3.29,0.55,9.5,5,1751,east
3.39,0.61,9.4,5,1752,west
3.29,0.55,9.5,5,1753,unknown
3.09,1.06,9.1,6,1754,unknown
3.51,0.43,10.7,6,1755,north
3.6,0.46,11.2,6,1756,south
3.25,0.5,9.8,5,1757,east
3.25,0.5,9.8,5,1758,west
3.19,0.52,9.2,5,1759,south
3.23,0.57,9.7,5,1760,west
3.25,0.42,9.6,5,1761,east
3.31,0.53,10.0,6,1762,north
3.25,0.42,9.6,5,1763,unknown
3.31,0.55,9.5,6,1764,unknown
3.31,0.54,9.5,6,1765,west
3.14,0.54,9.4,5,1766,north
3.45,0.62,9.5,5,1767,unknown
3.55,0.53,9.7,6,1768,north
3.39,0.54,9.6,5,1769,north
3.55,0.53,9.7,6,1770,north
3.28,0.55,9.4,5,1771,east
3.27,0.55,9.4,5,1772,north
3.3,0.92,9.5,6,1773,north
3.31,0.91,9.5,6,1774,south
3.43,0.46,10.0,5,1775,north
3.4,0.6,10.3,6,1776,unknown
3.4,0.59,10.3,6,1777,north
3.36,0.61,10.5,5,1778,north
3.5,0.6,9.8,5,1779,north
3.31,0.6,9.4,6,1780,east
3.66,0.65,9.8,5,1781,east
3.36,0.53,10.0,5,1782,unknown
3.66,0.65,9.8,5,1783,south
3.55,0.59,9.8,5,1784,unknown
3.21,0.5,9.5,5,1785,east
3.21,0.5,9.5,5,1786,unknown
3.18,0.56,10.1,6,1787,east
3.18,0.56,10.1,6,1788,unknown
3.09,0.52,9.3,5,1789,east
3.33,0.68,9.7,6,1790,unknown
3.23,0.54,9.6,5,1791,east
3.48,0.6,9.7,6,1792,south
3.38,0.56,10.8,5,1793,east
3.17,0.53,12.5,6,1794,south
2.99,1.18,10.2,5,1795,west
3.1,0.74,9.6,5,1796,north
3.24,0.81,10.8,7,1797,west
3.29,0.52,10.7,6,1798,south
3.29,0.52,10.7,6,1799,north
3.25,0.51,9.4,5,1800,east
3.23,0.44,10.0,5,1801,west
3.56,0.94,12.9,7,1802,north
3.24,0.66,9.6,6,1803,east
3.26,0.57,9.9,6,1804,unknown
3.33,0.7,12.8,7,1805,unknown
3.27,0.71,12.5,7,1806,east
3.33,0.7,12.8,7,1807,unknown
3.26,0.86,9.2,5,1808,north
3.22,0.55,10.3,6,1809,east
3.3,0.47,10.5,5,1810,west
3.09,0.68,10.9,6,1811,east
3.24,0.71,10.8,5,1812,east
3.44,0.58,11.4,4,1813,east
3.21,0.76,11.3,6,1814,east
3.24,0.71,10.8,5,1815,unknown
3.23,0.58,10.5,6,1816,south
3.28,0.73,11.9,6,1817,west
3.29,0.45,9.4,5,1818,north
3.28,0.54,9.6,5,1819,south
3.34,0.6,9.7,5,1820,west
3.71,0.74,14.0,7,1821,south
3.61,0.64,9.8,5,1822,south
3.61,0.64,9.8,5,1823,east
3.24,0.53,10.3,5,1824,north
3.36,0.49,10.7,5,1825,east
3.4,0.64,11.0,7,1826,south
3.36,0.49,10.7,5,1827,unknown
3.46,0.74,12.7,8,1828,south
3.56,0.77,11.1,6,1829,unknown
3.38,0.55,10.9,4,1830,west
3.56,0.77,11.1,6,1831,north
3.38,0.86,9.9,3,1832,west
3.38,0.86,9.9,4,1833,west
3.32,0.47,9.4,5,1834,south
3.39,0.51,9.3,5,1835,west
3.26,0.39,11.7,7,1836,unknown
3.26,0.39,11.7,7,1837,west
3.24,0.83,11.2,7,1838,unknown
3.46,0.47,10.0,5,1839,west
3.24,0.77,12.1,7,1840,north
3.45,0.63,10.3,5,1841,unknown
3.23,0.72,10.9,6,1842,south
3.28,0.62,9.4,5,1843,south
3.18,0.83,10.6,6,1844,north
3.59,0.66,9.8,5,1845,north
3.59,0.66,9.8,5,1846,unknown
3.5,0.7,9.9,6,1847,east
3.59,0.66,9.8,5,1848,west
3.58,0.66,9.8,5,1849,east
3.28,0.55,9.5,5,1850,south
3.28,0.55,9.5,5,1851,east
3.22,1.07,9.7,5,1852,south
3.47,0.73,10.9,6,1853,south
3.47,0.73,10.9,6,1854,west
3.51,0.71,11.7,7,1855,west
3.47,0.73,10.9,6,1856,west
3.4,0.78,11.3,7,1857,east
3.15,0.67,10.6,7,1858,unknown
3.4,0.82,11.2,6,1859,north
3.51,0.54,9.5,5,1860,south
3.66,0.6,11.5,6,1861,south
3.24,0.44,10.4,5,1862,south
3.51,0.53,9.7,5,1863,south
3.51,0.54,9.5,5,1864,south
3.51,0.54,9.7,5,1865,south
3.41,0.83,11.3,6,1866,unknown
3.4,0.84,11.2,6,1867,south
3.4,0.82,11.2,6,1868,south
3.44,0.64,10.9,6,1869,west
3.41,0.57,11.8,6,1870,west
3.53,0.57,10.6,5,1871,west
3.43,0.54,10.0,4,1872,west
3.23,0.58,11.1,7,1873,north
3.12,0.65,11.8,7,1874,north
3.31,0.79,11.8,7,1875,south
3.4,0.58,10.9,4,1876,east
3.41,0.57,11.8,6,1877,east
3.22,0.5,10.0,6,1878,west
3.53,0.55,9.5,5,1879,south
3.15,0.49,9.9,5,1880,east
3.48,0.65,11.4,6,1881,north
3.22,0.78,12.0,6,1882,south
3.53,0.55,9.5,5,1883,unknown
3.22,0.5,10.0,6,1884,unknown
3.34,0.64,10.5,5,1885,west
3.33,0.65,10.4,6,1886,west
3.15,0.79,12.1,7,1887,unknown
3.43,0.56,11.2,6,1888,north
3.22,0.68,9.3,5,1889,south
3.44,0.58,10.1,5,1890,unknown
3.53,0.57,9.7,5,1891,west
3.22,0.65,9.3,6,1892,unknown
3.53,0.57,9.7,5,1893,unknown
3.53,0.58,9.8,6,1894,unknown
3.42,0.58,10.7,6,1895,north
3.31,0.77,12.5,7,1896,north
3.42,0.58,10.7,6,1897,south
3.31,0.77,12.5,7,1898,east
3.48,0.49,11.0,3,1899,west
3.4,0.69,11.8,5,1900,south
3.58,0.69,10.8,7,1901,east
3.58,0.69,10.8,7,1902,west
3.41,0.59,10.8,7,1903,east
3.41,0.59,10.8,7,1904,north
3.23,0.59,9.5,5,1905,unknown
3.39,0.71,11.0,5,1906,east
3.59,0.54,11.5,6,1907,south
3.43,0.59,10.8,6,1908,unknown
3.29,0.52,11.5,6,1909,unknown
3.23,0.57,13.2,6,1910,unknown
3.18,0.6,10.9,6,1911,north
3.33,0.62,12.2,6,1912,unknown
3.27,0.64,12.2,7,1913,south
3.29,0.52,11.5,6,1914,unknown
3.27,0.67,11.9,6,1915,north
3.62,0.61,11.0,5,1916,unknown
3.38,0.64,10.1,6,1917,north
3.3,0.72,11.0,6,1918,south
3.38,0.89,11.8,6,1919,east
3.24,0.56,10.5,5,1920,south
3.3,0.72,11.0,6,1921,west
3.38,0.89,11.8,6,1922,south
3.38,0.64,10.1,6,1923,west
3.18,0.8,11.2,5,1924,north
3.47,0.87,11.0,7,1925,south
3.47,0.9,10.2,6,1926,north
3.2,0.59,9.2,4,1927,south
3.18,0.8,11.2,5,1928,south
3.3,0.73,12.0,7,1929,north
3.69,0.73,10.5,5,1930,east
3.48,0.65,9.8,5,1931,unknown
3.45,0.59,9.5,6,1932,east
3.48,0.65,9.8,5,1933,north
3.69,0.73,10.5,5,1934,west
3.39,0.72,11.8,6,1935,unknown
3.39,0.72,11.8,6,1936,east
3.07,0.6,10.4,4,1937,west
3.34,0.72,12.9,7,1938,unknown
3.61,0.54,11.4,5,1939,east
3.36,0.76,12.4,7,1940,unknown
3.19,0.52,12.5,7,1941,unknown
3.22,0.64,10.0,7,1942,east
3.24,0.6,9.7,7,1943,unknown
3.27,0.64,12.1,7,1944,east
3.14,0.79,11.1,7,1945,west
3.29,0.99,12.0,7,1946,unknown
3.26,0.62,12.4,7,1947,west
3.41,0.76,11.9,7,1948,east
3.41,0.76,11.9,7,1949,west
3.41,0.76,11.9,7,1950,east
3.26,0.62,12.4,7,1951,east
3.31,0.68,11.2,7,1952,unknown
3.2,0.69,12.1,7,1953,west
3.44,0.54,12.2,6,1954,north
3.36,0.67,10.4,5,1955,south
3.31,0.62,11.3,6,1956,unknown
3.29,0.58,11.1,6,1957,east
3.47,0.71,11.3,7,1958,west
3.36,0.61,10.0,5,1959,unknown
3.16,0.85,11.1,6,1960,east
3.27,0.62,9.3,5,1961,north
3.38,0.69,9.5,5,1962,unknown
3.15,0.69,11.2,6,1963,east
3.16,0.85,11.1,6,1964,west
3.34,0.86,11.0,6,1965,east
3.13,0.58,11.9,7,1966,south
3.13,0.48,9.2,5,1967,east
3.2,0.6,12.2,6,1968,north
3.46,0.61,10.2,5,1969,west
3.33,0.87,10.9,6,1970,north
3.33,0.87,10.9,6,1971,unknown
3.22,0.65,11.6,7,1972,north
3.52,0.63,10.7,5,1973,west
3.3,0.62,12.1,7,1974,west
3.44,0.52,9.4,5,1975,west
3.44,0.52,9.4,5,1976,east
3.15,0.5,9.1,5,1977,west
3.28,0.49,11.3,7,1978,unknown
3.13,0.63,10.4,5,1979,south
3.32,0.71,10.5,6,1980,north
3.25,0.62,10.0,5,1981,north
3.34,0.82,12.9,6,1982,north
3.32,0.71,10.5,6,1983,east
3.13,0.63,10.4,5,1984,east
3.45,0.58,11.3,6,1985,south
3.19,0.55,11.4,7,1986,north
3.44,0.5,9.4,5,1987,south
3.16,0.49,9.4,5,1988,north
3.14,0.51,10.9,6,1989,south
3.16,0.49,9.4,5,1990,west
3.45,0.48,9.4,5,1991,unknown
3.36,0.48,9.4,6,1992,south
3.45,0.48,9.4,5,1993,north
3.15,0.43,9.4,5,1994,unknown
3.39,0.62,10.1,6,1995,south
3.71,0.63,12.8,7,1996,south
3.71,0.63,12.8,7,1997,north
3.12,0.48,9.1,6,1998,south
3.47,0.53,12.9,6,1999,east
3.44,0.72,11.5,7,2000,east
3.26,0.82,10.6,7,2001,east
3.26,0.84,11.7,7,2002,south
3.36,0.55,12.8,7,2003,west
3.25,0.54,10.3,5,2004,east
3.36,0.55,12.8,7,2005,west
3.26,0.84,11.7,7,2006,unknown
3.26,0.84,11.7,7,2007,east
3.23,0.7,12.0,7,2008,north
3.18,0.68,10.9,5,2009,west
3.25,0.55,12.3,7,2010,unknown
3.17,0.55,10.4,6,2011,west
3.23,0.48,10.0,5,2012,east
3.38,0.58,10.0,6,2013,east
3.22,0.58,11.2,6,2014,west
3.06,0.84,11.4,6,2015,west
3.27,0.75,12.6,7,2016,west
2.89,0.44,12.7,6,2017,north
2.89,0.44,12.7,6,2018,north
3.53,0.61,10.4,5,2019,south
3.2,0.53,11.9,6,2020,unknown
3.2,0.53,11.9,6,2021,west
3.35,0.54,10.5,5,2022,west
3.27,0.55,12.3,6,2023,east
3.32,0.56,10.5,7,2024,unknown
3.33,0.6,10.4,6,2025,east
3.41,0.56,12.6,6,2026,east
3.49,0.52,11.6,5,2027,east
3.37,0.54,10.1,6,2028,north
3.32,0.56,10.5,7,2029,west
3.42,0.55,11.5,7,2030,unknown
3.35,0.58,11.0,7,2031,north
3.36,0.53,9.6,5,2032,east
3.3,0.59,10.4,6,2033,west
3.2,0.47,9.7,6,2034,south
3.17,0.65,10.6,7,2035,east
3.22,0.59,12.5,7,2036,south
3.35,0.56,9.2,5,2037,east
3.24,0.77,12.6,7,2038,north
3.33,0.83,11.1,6,2039,west
3.58,0.67,10.2,5,2040,unknown
3.38,0.64,9.8,6,2041,unknown
3.33,0.83,11.1,6,2042,unknown
3.29,0.81,10.9,7,2043,east
3.36,0.62,12.2,6,2044,north
3.32,0.58,11.4,6,2045,north
3.31,0.62,10.7,6,2046,north
3.49,0.64,10.4,5,2047,west
3.27,0.78,10.9,6,2048,north
3.27,0.77,10.8,6,2049,south
3.49,0.64,10.4,5,2050,west
3.03,1.34,9.2,5,2051,east
3.56,0.55,12.9,5,2052,unknown
3.38,0.77,12.7,7,2053,south
3.13,0.62,9.1,6,2054,south
3.13,0.62,9.1,6,2055,south
3.21,0.59,12.1,7,2056,north
3.15,0.57,9.1,5,2057,north
3.19,0.76,11.6,7,2058,east
3.21,0.59,12.1,7,2059,east
3.14,0.7,9.9,6,2060,unknown
3.21,0.69,12.5,8,2061,south
3.3,0.64,11.4,6,2062,east
3.22,0.63,11.8,6,2063,east
3.28,0.57,11.8,6,2064,east
3.29,0.6,10.2,6,2065,south
3.4,0.72,12.5,7,2066,unknown
3.02,0.83,10.9,7,2067,south
3.02,0.83,10.9,7,2068,north
3.31,0.62,10.8,5,2069,north
3.18,0.89,11.1,7,2070,unknown
3.2,0.58,9.2,5,2071,north
3.4,0.58,9.5,6,2072,unknown
3.31,0.58,10.7,6,2073,east
3.2,0.58,9.2,5,2074,unknown
3.44,0.86,10.2,7,2075,south
3.15,0.73,11.4,6,2076,east
3.27,0.58,11.0,5,2077,east
3.27,0.58,11.0,5,2078,south
3.01,0.51,12.3,7,2079,west
3.16,0.51,11.8,6,2080,unknown
3.01,0.51,12.3,7,2081,unknown
3.42,0.59,9.5,6,2082,north
3.33,0.77,12.0,6,2083,unknown
3.42,0.59,9.5,6,2084,unknown
3.12,0.49,9.6,5,2085,unknown
3.38,0.66,11.6,7,2086,north
3.29,0.69,11.2,6,2087,south
3.02,0.76,9.9,7,2088,west
3.02,0.76,9.9,7,2089,west
2.98,0.63,11.8,8,2090,west
3.35,0.6,11.4,6,2091,south
3.43,0.59,11.5,6,2092,east
3.33,0.86,12.0,7,2093,east
3.35,0.49,10.8,6,2094,west
3.15,0.5,10.5,5,2095,west
3.35,0.49,10.8,6,2096,south
3.2,0.52,9.4,5,2097,unknown
3.15,0.81,12.5,7,2098,west
3.2,0.52,9.4,5,2099,east
3.11,0.78,12.4,6,2100,south
3.35,0.63,12.0,6,2101,east
3.45,0.54,11.2,6,2102,east
3.35,0.63,12.0,6,2103,unknown
3.28,0.66,12.4,6,2104,south
3.41,0.6,12.8,5,2105,west
3.21,0.54,12.3,6,2106,west
3.27,0.85,11.7,7,2107,north
3.36,0.49,9.5,5,2108,west
3.17,0.76,10.8,6,2109,unknown
3.25,0.64,10.0,6,2110,north
3.78,0.64,12.3,7,2111,west
3.29,0.71,11.0,6,2112,unknown
3.12,0.59,9.5,6,2113,east
3.49,0.66,13.6,6,2114,north
3.38,0.6,11.3,6,2115,east
3.38,0.6,11.3,6,2116,east
3.38,0.6,11.3,6,2117,unknown
3.3,0.53,13.3,6,2118,north
3.52,0.58,12.9,5,2119,south
3.2,0.72,13.1,8,2120,south
3.44,0.55,12.3,6,2121,east
3.45,0.48,12.3,6,2122,unknown
3.12,0.65,11.2,6,2123,east
3.62,0.62,11.5,4,2124,west
3.14,0.59,11.3,7,2125,east
3.39,0.54,13.5,6,2126,south
3.51,0.6,11.5,6,2127,unknown
3.22,0.68,10.0,5,2128,west
3.21,0.69,10.5,6,2129,east
3.18,0.63,10.4,6,2130,north
3.32,0.44,9.5,5,2131,north
3.38,0.88,13.6,7,2132,unknown
3.37,0.68,11.2,7,2133,south
3.3,0.74,11.8,7,2134,west
3.38,0.6,11.9,6,2135,west
3.22,0.76,11.4,6,2136,south
3.22,0.76,11.4,6,2137,unknown
3.14,0.58,9.1,5,2138,east
3.34,0.64,9.5,6,2139,east
3.41,0.65,9.5,6,2140,west
3.27,0.85,11.0,6,2141,south
3.3,0.65,11.4,6,2142,north
3.61,0.82,10.0,6,2143,south
3.43,0.62,10.1,5,2144,west
3.53,0.81,10.4,6,2145,south
3.28,0.87,9.8,6,2146,east
3.21,0.49,11.8,7,2147,unknown
3.39,0.66,11.6,6,2148,south
3.23,0.52,12.0,6,2149,north
3.3,0.76,12.8,7,2150,west
3.46,0.65,12.5,6,2151,south
3.15,0.53,9.8,5,2152,unknown
3.23,0.66,11.1,6,2153,west
3.59,0.68,11.4,6,2154,south
3.15,0.53,9.8,5,2155,west
3.33,0.76,11.8,7,2156,west
3.46,0.87,12.9,7,2157,north
3.42,1.16,10.6,6,2158,west
3.16,0.67,10.8,5,2159,north
3.14,0.72,11.1,7,2160,east
3.21,0.75,10.2,6,2161,north
3.14,0.71,11.8,7,2162,south
3.29,0.67,10.0,5,2163,east
3.29,0.67,10.0,5,2164,south
3.01,1.1,9.4,5,2165,unknown
2.94,0.98,10.2,5,2166,unknown
3.32,0.88,12.4,7,2167,west
3.21,0.56,12.0,6,2168,east
3.32,0.62,11.5,6,2169,south
3.2,0.67,10.5,6,2170,south
3.42,0.68,10.8,6,2171,unknown
3.27,0.74,12.3,6,2172,east
3.46,0.62,9.5,6,2173,north
3.46,0.62,9.5,6,2174,north
3.61,0.7,11.5,6,2175,unknown
3.58,0.5,11.2,4,2176,north
3.35,0.66,12.7,7,2177,unknown
3.68,0.73,11.4,5,2178,unknown
3.27,0.81,11.0,6,2179,north
3.27,0.81,11.0,6,2180,north
3.19,0.46,11.4,5,2181,unknown
3.38,0.86,10.5,6,2182,west
3.29,0.6,9.3,5,2183,west
3.36,0.7,10.9,5,2184,east
3.33,0.46,11.9,6,2185,north
3.52,0.5,12.2,5,2186,east
3.33,0.46,11.9,6,2187,west
3.36,0.7,10.9,5,2188,west
3.3,0.44,9.6,4,2189,west
3.28,0.57,12.5,6,2190,unknown
3.56,0.51,10.8,5,2191,east
3.52,0.8,12.4,7,2192,north
3.56,0.51,10.8,5,2193,west
3.22,0.59,9.5,6,2194,west
3.52,0.6,9.5,6,2195,south
3.21,0.58,9.5,6,2196,south
3.16,0.54,9.8,6,2197,west
3.15,0.79,10.9,6,2198,north
3.21,0.58,9.5,6,2199,unknown
3.16,0.54,9.8,6,2200,north
3.27,0.54,11.2,7,2201,unknown
3.35,0.69,11.7,8,2202,unknown
3.14,0.55,9.4,5,2203,east
3.4,0.85,11.0,7,2204,unknown
3.4,0.85,11.0,7,2205,south
3.4,0.85,11.0,7,2206,unknown
3.35,0.94,10.0,5,2207,unknown
3.4,0.85,11.0,7,2208,north
3.45,0.87,11.2,7,2209,west
3.35,0.62,10.4,6,2210,unknown
3.32,0.62,9.3,5,2211,west
3.35,0.62,10.4,6,2212,west
3.15,0.75,10.5,6,2213,east
3.1,0.48,10.4,6,2214,south
3.26,0.56,11.3,6,2215,west
3.29,0.69,9.5,6,2216,north
3.23,0.81,12.0,6,2217,north
3.24,0.69,10.6,6,2218,west
3.2,0.83,3.9,6,2219,unknown
3.28,0.77,11.5,6,2220,unknown
3.28,0.77,11.5,6,2221,north
3.26,0.46,9.6,6,2222,south
3.23,0.76,12.0,6,2223,unknown
3.07,0.82,10.3,6,2224,east
3.15,0.51,9.4,5,2225,south
3.02,0.47,9.2,5,2226,unknown
3.27,0.72,9.6,5,2227,south
3.68,0.73,13.6,7,2228,west
3.4,0.64,9.5,5,2229,north
3.37,0.78,11.8,6,2230,west
3.38,0.62,10.8,5,2231,east
3.4,0.64,9.5,5,2232,east
3.23,0.49,9.3,4,2233,unknown
3.39,0.4,12.8,6,2234,east
3.3,0.56,11.5,4,2235,west
3.26,0.64,9.4,6,2236,south
3.39,0.4,12.8,6,2237,east
3.38,0.46,9.6,4,2238,south
3.45,0.56,11.8,4,2239,west
3.1,0.4,9.3,5,2240,east
3.16,0.59,9.8,5,2241,west
3.22,0.6,12.2,6,2242,west
3.37,0.62,9.5,5,2243,west
3.33,0.54,10.3,6,2244,east
3.49,0.68,10.5,5,2245,north
3.12,0.48,10.0,5,2246,west
3.49,0.68,10.5,5,2247,south
3.41,0.75,11.1,6,2248,west
3.4,0.61,10.9,6,2249,west
3.4,0.61,10.9,6,2250,north
3.28,0.59,9.8,5,2251,north
3.45,0.58,9.8,5,2252,south
3.43,0.58,9.5,5,2253,west
3.4,0.69,10.9,5,2254,north
3.47,0.45,11.0,5,2255,south
3.1,0.42,9.2,5,2256,east
3.32,0.7,11.0,6,2257,east
3.44,0.63,11.3,6,2258,north
3.44,0.63,11.3,6,2259,west
3.02,1.15,9.3,5,2260,south
3.59,0.55,11.2,4,2261,west
3.15,0.58,9.8,5,2262,west
3.37,0.46,9.6,4,2263,unknown
3.38,0.72,11.8,6,2264,west
3.38,0.6,10.3,6,2265,west
3.38,0.6,10.3,6,2266,west
3.1,0.87,11.4,6,2267,east
3.47,0.55,9.5,6,2268,west
3.5,0.82,14.0,8,2269,east
3.7,0.75,14.0,6,2270,south
3.38,0.57,11.7,6,2271,unknown
3.5,0.53,11.2,5,2272,east
3.1,0.43,9.3,5,2273,east
3.24,0.53,11.2,6,2274,south
3.24,0.54,9.5,6,2275,unknown
3.28,0.56,12.0,4,2276,unknown
3.35,0.6,9.7,6,2277,unknown
3.24,0.54,9.5,6,2278,east
3.14,0.57,11.5,7,2279,west
3.37,0.64,10.4,6,2280,unknown
3.37,0.64,10.4,6,2281,south
3.33,0.68,10.9,6,2282,south
3.26,0.63,10.2,6,2283,east
3.39,0.56,10.9,5,2284,south
3.15,0.57,10.5,5,2285,north
3.35,0.54,12.4,6,2286,north
3.22,0.37,13.0,5,2287,south
3.3,1.17,10.2,5,2288,west
3.3,1.17,10.2,5,2289,south
3.36,0.59,11.0,5,2290,west
3.29,0.75,10.9,6,2291,south
3.62,0.67,12.4,6,2292,south
3.34,0.49,9.7,4,2293,west
3.29,0.75,10.9,6,2294,south
3.2,0.45,9.5,5,2295,east
3.2,0.45,9.5,5,2296,south
3.35,0.61,12.1,6,2297,south
3.45,0.56,12.2,6,2298,east
3.5,0.4,10.9,3,2299,south
3.78,0.61,12.5,6,2300,unknown
3.6,0.74,11.7,6,2301,north
3.3,0.8,11.2,6,2302,south
3.36,0.66,11.2,5,2303,north
3.12,0.44,9.2,5,2304,west
3.3,0.53,9.8,5,2305,west
3.29,0.62,10.1,5,2306,east
3.41,0.52,11.1,4,2307,east
3.29,0.62,10.1,5,2308,east
3.28,0.61,9.2,5,2309,north
3.3,0.53,9.8,5,2310,east
3.33,0.59,12.8,6,2311,north
3.34,0.47,10.5,5,2312,unknown
3.4,0.54,10.1,6,2313,south
3.4,0.53,10.1,6,2314,unknown
3.26,0.58,9.8,6,2315,west
4.01,0.59,12.5,6,2316,east
3.18,0.69,11.9,6,2317,south
3.26,0.58,9.8,6,2318,unknown
2.9,1.33,9.1,6,2319,east
3.26,0.66,10.1,5,2320,south
4.01,0.59,12.5,6,2321,north
3.18,0.55,11.4,5,2322,west
3.18,0.82,11.0,7,2323,west
3.39,0.6,10.6,6,2324,north
3.39,0.6,10.6,6,2325,unknown
3.39,0.6,10.6,6,2326,north
3.39,0.6,10.6,6,2327,north
3.34,0.52,9.3,5,2328,east
3.29,0.56,9.8,6,2329,north
3.29,0.56,9.8,6,2330,north
3.26,0.46,9.2,5,2331,east
3.09,0.43,9.7,6,2332,west
3.18,0.51,9.6,5,2333,north
3.39,0.52,10.0,5,2334,south
3.38,0.66,12.6,6,2335,unknown
3.36,0.45,9.5,5,2336,east
3.36,0.45,9.5,5,2337,north
3.36,0.45,9.5,5,2338,unknown
3.36,0.54,10.5,6,2339,south
3.36,0.54,10.5,6,2340,south
3.36,0.54,10.5,6,2341,north
3.37,0.51,10.4,6,2342,unknown
3.36,0.54,10.5,6,2343,north
3.09,0.53,11.0,5,2344,west
3.25,0.53,10.2,6,2345,unknown
3.52,0.56,11.4,5,2346,west
3.34,0.39,9.5,5,2347,south
3.34,0.39,9.5,5,2348,unknown
3.41,0.52,10.8,5,2349,south
3.34,0.57,10.0,5,2350,north
3.32,0.51,11.8,6,2351,south
3.37,0.46,10.3,5,2352,north
3.37,0.46,10.3,5,2353,unknown
3.35,0.52,10.0,5,2354,south
3.36,0.44,10.1,5,2355,north
3.36,0.44,10.1,5,2356,west
3.6,0.59,11.1,6,2357,south
3.28,0.5,9.5,5,2358,north
3.07,0.65,10.0333333333333,6,2359,east
3.24,0.56,10.9,5,2360,west
3.36,0.54,10.1,5,2361,south
3.07,0.65,10.0333333333333,6,2362,west
3.29,0.48,9.8,4,2363,unknown
3.46,0.53,11.8,6,2364,south
3.18,0.62,9.5,5,2365,unknown
3.24,0.5,9.8,5,2366,north
3.25,1.18,10.5,6,2367,north
3.27,0.5,9.8,6,2368,south
3.33,0.37,10.4,4,2369,unknown
3.0,1.17,9.2,5,2370,north
3.21,1.03,11.6,6,2371,south
3.0,1.17,9.2,5,2372,north
3.24,0.45,9.3,5,2373,south
3.32,0.51,9.8,3,2374,unknown
3.26,0.52,9.9,5,2375,unknown
3.11,0.46,10.0,5,2376,east
3.71,0.62,12.2,6,2377,north
3.29,0.51,9.9,6,2378,south
3.36,0.62,10.8,6,2379,unknown
3.36,0.62,10.8,6,2380,unknown
3.38,0.45,9.6,5,2381,north
3.3,0.49,9.9,5,2382,north
3.3,0.49,9.9,5,2383,south
3.19,0.5,9.5,5,2384,east
3.19,0.42,9.2,5,2385,west
3.3,0.58,9.6,5,2386,south
3.3,0.58,9.6,5,2387,south
3.35,0.68,10.3,5,2388,east
3.1,0.53,9.7,5,2389,west
3.58,0.59,12.5,6,2390,west
3.37,0.58,11.0,5,2391,south
3.17,0.48,9.8,5,2392,north
3.3,0.48,10.2,5,2393,unknown
3.32,0.48,9.2,5,2394,west
3.31,0.65,9.55,6,2395,east
3.31,0.65,9.55,5,2396,north
3.28,0.52,9.9,5,2397,north
3.52,0.62,10.2,7,2398,south
3.42,0.72,11.1,6,2399,west
3.25,0.51,9.9,5,2400,west
3.25,0.51,9.9,5,2401,north
3.44,0.82,11.9,6,2402,east
3.23,1.1,10.0,8,2403,north
3.43,0.62,10.7,6,2404,north
3.28,0.9,11.3,7,2405,north
3.22,0.94,10.9,6,2406,north
3.54,0.93,10.7,6,2407,south
3.27,1.01,12.4,7,2408,north
3.54,0.93,10.7,6,2409,north
3.5,0.44,11.9,6,2410,north
3.56,0.73,10.6,6,2411,unknown
3.22,0.94,10.9,6,2412,west
3.04,0.9,10.1,5,2413,west
3.2,0.78,9.6,5,2414,west
3.56,0.84,9.4,5,2415,unknown
3.2,0.78,9.6,5,2416,north
3.35,0.77,12.1,7,2417,unknown
3.16,0.46,9.8,5,2418,west
3.27,0.45,9.9,5,2419,north
3.16,0.46,9.8,5,2420,unknown
3.34,0.58,9.4,5,2421,unknown
3.39,0.84,11.4,6,2422,east
3.5,0.67,11.0,4,2423,unknown
3.26,0.7,9.6,6,2424,unknown
3.26,0.7,9.6,6,2425,south
3.41,0.71,12.1,6,2426,west
3.3,0.58,11.2,5,2427,south
3.31,0.63,11.0,5,2428,west
3.33,0.93,11.3,5,2429,unknown
3.37,0.62,10.4,5,2430,east
3.26,0.54,9.9,6,2431,north
3.48,0.85,11.7,6,2432,north
3.42,0.74,10.1,7,2433,east
3.18,0.77,9.0,6,2434,west
3.18,0.77,9.0,6,2435,north
3.15,0.65,8.5,5,2436,south
3.53,0.54,11.1,5,2437,north
3.41,0.47,10.3,5,2438,west
3.32,0.68,11.0666666666667,6,2439,west
3.23,0.73,11.3,7,2440,north
3.16,0.52,9.56666666666667,6,2441,west
3.4,0.75,9.8,5,2442,east
3.38,0.49,11.7,5,2443,south
3.32,0.68,11.1,6,2444,west
3.16,0.52,9.6,6,2445,west
3.4,0.75,9.8,5,2446,west
3.4,0.74,9.7,5,2447,unknown
3.4,0.73,9.7,5,2448,south
3.23,0.76,11.3,8,2449,west
3.23,0.73,11.3,7,2450,east
3.33,0.78,11.0,7,2451,south
3.35,0.76,11.6,7,2452,unknown
3.41,0.58,9.0,5,2453,north
3.21,0.69,10.9,6,2454,south
3.5,0.63,10.9,6,2455,east
3.3,0.5,10.55,6,2456,west
3.41,0.58,9.0,5,2457,unknown
3.39,0.6,10.5,5,2458,south
3.32,0.8,11.9,7,2459,north
3.41,0.68,10.4,6,2460,unknown
3.59,0.61,10.0,4,2461,west
3.36,0.58,10.4,6,2462,south
3.34,0.53,10.8,6,2463,south
3.41,0.67,9.7,5,2464,north
3.41,0.67,9.7,5,2465,north
3.3,0.65,10.0,7,2466,north
3.52,0.57,11.0,4,2467,unknown
3.3,0.65,10.0,7,2468,south
3.31,0.55,9.7,3,2469,west
2.88,0.47,9.7,5,2470,east
3.43,0.52,12.6,5,2471,south
3.38,0.79,11.1,6,2472,east
3.38,0.54,11.0,5,2473,unknown
3.16,0.75,8.8,5,2474,east
3.54,0.88,13.5666666666667,7,2475,south
3.16,0.75,8.8,5,2476,east
3.54,0.88,13.6,7,2477,north
3.4,0.52,10.2,3,2478,unknown
3.39,0.68,10.6,5,2479,west
3.66,0.62,10.1,4,2480,north
3.39,0.68,10.6,5,2481,unknown
3.33,0.57,10.3,4,2482,west
3.35,0.61,10.7,5,2483,east
3.53,0.64,10.9,4,2484,unknown
3.37,0.55,9.7,5,2485,north
3.38,0.6,10.3,5,2486,unknown
3.52,0.78,10.6,5,2487,east
3.72,0.58,11.4,5,2488,east
3.44,0.76,10.8,6,2489,unknown
3.39,0.56,12.4,6,2490,west
3.72,0.58,11.4,5,2491,south
3.57,0.54,11.95,5,2492,north
3.26,0.59,9.7,5,2493,north
3.42,0.7,10.0,7,2494,west
3.35,0.81,10.6,6,2495,south
3.26,0.59,9.7,5,2496,north
3.45,0.63,11.5,6,2497,unknown
3.53,0.58,10.8,6,2498,south
3.45,0.63,11.5,6,2499,east
3.26,0.53,9.6,5,2500,south
3.16,0.53,9.4,5,2501,east
3.31,0.54,9.8,5,2502,south
3.51,0.69,11.0,6,2503,unknown
3.36,0.55,11.4,6,2504,unknown
3.55,0.63,9.95,3,2505,west
3.51,0.66,10.8,6,2506,south
3.36,0.55,11.4,6,2507,south
3.38,0.72,10.6,6,2508,east
3.28,0.7,11.1,5,2509,north
3.47,0.77,9.7,6,2510,west
3.44,0.67,9.8,5,2511,east
3.53,0.65,10.4,6,2512,south
3.33,0.6,10.5,6,2513,south
3.53,0.72,9.23333333333333,6,2514,south
3.53,0.72,9.25,6,2515,unknown
3.42,0.97,10.6,5,2516,south
3.38,0.83,10.3,6,2517,south
3.32,0.63,10.5,5,2518,south
3.44,0.58,10.2,5,2519,unknown
3.38,0.83,10.3,6,2520,south
3.39,0.43,9.05,4,2521,north
3.42,0.97,10.6,5,2522,north
3.34,0.6,10.4,5,2523,north
3.39,0.78,10.0,6,2524,north
3.33,0.64,9.7,5,2525,north
3.3,0.65,9.6,6,2526,unknown
3.29,0.66,10.8,6,2527,unknown
3.31,0.67,10.1,6,2528,east
3.42,0.6,10.2,6,2529,south
3.42,0.69,11.3,6,2530,south
3.6,0.66,10.2,5,2531,south
3.21,0.68,9.9,6,2532,south
3.39,0.61,9.0,5,2533,north
3.42,0.62,11.7,7,2534,west
3.36,0.59,9.7,6,2535,west
3.6,0.68,10.3,6,2536,south
3.5,0.64,10.2,6,2537,east
3.57,0.63,12.0,5,2538,west
3.46,0.78,9.9,5,2539,north
3.56,0.63,11.6,6,2540,unknown
3.4,0.76,10.9,7,2541,north
3.3,0.56,10.75,6,2542,west
3.25,0.57,10.4,6,2543,unknown
3.17,0.81,11.2,7,2544,south
3.36,0.64,10.1,6,2545,south
3.36,0.61,10.2,5,2546,unknown
3.55,0.51,12.1,5,2547,west
3.1,0.58,10.4,5,2548,west
3.24,0.7,11.4,8,2549,south
3.45,0.53,9.5,5,2550,north
3.44,0.54,9.4,5,2551,unknown
3.51,0.66,11.3,6,2552,west
3.41,0.6,9.4,5,2553,east
3.54,0.6,11.0,6,2554,west
3.44,0.68,10.55,7,2555,unknown
3.53,0.56,9.9,5,2556,unknown
3.54,0.6,11.0,6,2557,west
3.22,0.56,9.5,5,2558,south
3.21,0.52,9.9,5,2559,west
3.21,0.52,9.9,5,2560,east
3.21,0.52,9.9,5,2561,unknown
3.29,0.54,10.1,5,2562,west
3.29,0.54,10.1,5,2563,east
3.29,0.54,10.1,5,2564,west
3.39,0.82,10.9,6,2565,south
3.34,0.71,11.2,6,2566,south
3.29,0.54,10.1,5,2567,east
3.34,0.59,9.2,5,2568,unknown
3.48,0.57,11.5,6,2569,unknown
3.37,0.93,12.4,6,2570,unknown
3.44,0.65,11.1,6,2571,south
3.33,0.51,9.5,5,2572,south
3.58,0.67,12.5,6,2573,unknown
3.39,0.48,10.5,6,2574,unknown
3.26,0.64,11.8,6,2575,north
3.3,0.78,10.8,6,2576,unknown
3.54,0.6,11.9,6,2577,west
3.42,0.67,11.3,6,2578,west
3.54,0.6,11.3,5,2579,east
3.36,0.6,11.9,6,2580,east
3.54,0.6,11.3,5,2581,south
3.57,0.5,11.9,5,2582,west
3.33,0.62,9.8,5,2583,south
3.29,0.8,11.6,7,2584,north
3.3,0.84,11.5,6,2585,south
3.34,0.85,11.4,6,2586,unknown
3.55,0.66,10.9,6,2587,west
3.27,0.78,12.8,6,2588,south
3.29,0.54,9.2,5,2589,north
3.32,0.82,11.6,6,2590,unknown
3.67,0.56,11.6,6,2591,unknown
3.42,0.75,11.0,6,2592,west
3.42,0.82,9.5,6,2593,south
3.45,0.58,10.5,5,2594,north
3.52,0.76,11.2,6,2595,unknown
3.42,0.75,11.0,6,2596,south
3.57,0.71,10.2,5,2597,west
3.39,0.66,11.0,6,2598,west
