fixed acidity,volatile acidity,citric acid,residual sugar,chlorides,free sulfur dioxide,total sulfur dioxide,density,id
7.4,0.7,0.0,1.9,0.076,11.0,34.0,0.9978,1000
7.8,0.88,0.0,2.6,0.098,25.0,67.0,0.9968,1001
7.8,0.76,0.04,2.3,0.092,15.0,54.0,0.997,1002
11.2,0.28,0.56,1.9,0.075,17.0,60.0,0.998,1003
7.4,0.7,0.0,1.9,0.076,11.0,34.0,0.9978,1004
7.4,0.66,0.0,1.8,0.075,13.0,40.0,0.9978,1005
7.9,0.6,0.06,1.6,0.069,15.0,59.0,0.9964,1006
7.3,0.65,0.0,1.2,0.065,15.0,21.0,0.9946,1007
7.8,0.58,0.02,2.0,0.073,9.0,18.0,0.9968,1008
7.5,0.5,0.36,6.1,0.071,17.0,102.0,0.9978,1009
6.7,0.58,0.08,1.8,0.097,15.0,65.0,0.9959,1010
7.5,0.5,0.36,6.1,0.071,17.0,102.0,0.9978,1011
5.6,0.615,0.0,1.6,0.089,16.0,59.0,0.9943,1012
7.8,0.61,0.29,1.6,0.114,9.0,29.0,0.9974,1013
8.9,0.62,0.18,3.8,0.176,52.0,145.0,0.9986,1014
8.9,0.62,0.19,3.9,0.17,51.0,148.0,0.9986,1015
8.5,0.28,0.56,1.8,0.092,35.0,103.0,0.9969,1016
8.1,0.56,0.28,1.7,0.368,16.0,56.0,0.9968,1017
7.4,0.59,0.08,4.4,0.086,6.0,29.0,0.9974,1018
7.9,0.32,0.51,1.8,0.341,17.0,56.0,0.9969,1019
8.9,0.22,0.48,1.8,0.077,29.0,60.0,0.9968,1020
7.6,0.39,0.31,2.3,0.082,23.0,71.0,0.9982,1021
7.9,0.43,0.21,1.6,0.106,10.0,37.0,0.9966,1022
8.5,0.49,0.11,2.3,0.084,9.0,67.0,0.9968,1023
6.9,0.4,0.14,2.4,0.085,21.0,40.0,0.9968,1024
6.3,0.39,0.16,1.4,0.08,11.0,23.0,0.9955,1025
7.6,0.41,0.24,1.8,0.08,4.0,11.0,0.9962,1026
7.9,0.43,0.21,1.6,0.106,10.0,37.0,0.9966,1027
7.1,0.71,0.0,1.9,0.08,14.0,35.0,0.9972,1028
7.8,0.645,0.0,2.0,0.082,8.0,16.0,0.9964,1029
6.7,0.675,0.07,2.4,0.089,17.0,82.0,0.9958,1030
6.9,0.685,0.0,2.5,0.105,22.0,37.0,0.9966,1031
8.3,0.655,0.12,2.3,0.083,15.0,113.0,0.9966,1032
6.9,0.605,0.12,10.7,0.073,40.0,83.0,0.9993,1033
5.2,0.32,0.25,1.8,0.103,13.0,50.0,0.9957,1034
7.8,0.645,0.0,5.5,0.086,5.0,18.0,0.9986,1035
7.8,0.6,0.14,2.4,0.086,3.0,15.0,0.9975,1036
8.1,0.38,0.28,2.1,0.066,13.0,30.0,0.9968,1037
5.7,1.13,0.09,1.5,0.172,7.0,19.0,0.994,1038
7.3,0.45,0.36,5.9,0.074,12.0,87.0,0.9978,1039
7.3,0.45,0.36,5.9,0.074,12.0,87.0,0.9978,1040
8.8,0.61,0.3,2.8,0.088,17.0,46.0,0.9976,1041
7.5,0.49,0.2,2.6,0.332,8.0,14.0,0.9968,1042
8.1,0.66,0.22,2.2,0.069,9.0,23.0,0.9968,1043
6.8,0.67,0.02,1.8,0.05,5.0,11.0,0.9962,1044
4.6,0.52,0.15,2.1,0.054,8.0,65.0,0.9934,1045
7.7,0.935,0.43,2.2,0.114,22.0,114.0,0.997,1046
8.7,0.29,0.52,1.6,0.113,12.0,37.0,0.9969,1047
6.4,0.4,0.23,1.6,0.066,5.0,12.0,0.9958,1048
5.6,0.31,0.37,1.4,0.074,12.0,96.0,0.9954,1049
8.8,0.66,0.26,1.7,0.074,4.0,23.0,0.9971,1050
6.6,0.52,0.04,2.2,0.069,8.0,15.0,0.9956,1051
6.6,0.5,0.04,2.1,0.068,6.0,14.0,0.9955,1052
8.6,0.38,0.36,3.0,0.081,30.0,119.0,0.997,1053
7.6,0.51,0.15,2.8,0.11,33.0,73.0,0.9955,1054
7.7,0.62,0.04,3.8,0.084,25.0,45.0,0.9978,1055
10.2,0.42,0.57,3.4,0.07,4.0,10.0,0.9971,1056
7.5,0.63,0.12,,0.111,50.0,110.0,0.9983,1057
7.8,0.59,0.18,2.3,0.076,17.0,54.0,0.9975,1058
7.3,0.39,0.31,2.4,0.074,9.0,46.0,0.9962,1059
8.8,0.4,0.4,2.2,0.079,19.0,52.0,0.998,1060
7.7,0.69,0.49,1.8,0.115,20.0,112.0,0.9968,1061
7.5,0.52,0.16,1.9,0.085,12.0,35.0,0.9968,1062
7.0,0.735,0.05,2.0,0.081,13.0,54.0,0.9966,1063
7.2,0.725,0.05,4.65,0.086,4.0,11.0,0.9962,1064
7.2,0.725,0.05,4.65,0.086,4.0,11.0,0.9962,1065
7.5,0.52,0.11,1.5,0.079,11.0,39.0,0.9968,1066
6.6,0.705,0.07,1.6,0.076,6.0,15.0,0.9962,1067
9.3,0.32,0.57,2.0,0.074,27.0,65.0,0.9969,1068
8.0,0.705,0.05,1.9,0.074,8.0,19.0,0.9962,1069
7.7,0.63,0.08,1.9,0.076,15.0,27.0,0.9967,1070
7.7,0.67,0.23,2.1,0.088,17.0,96.0,0.9962,1071
7.7,0.69,0.22,1.9,0.084,18.0,94.0,0.9961,1072
8.3,0.675,0.26,2.1,0.084,11.0,43.0,0.9976,1073
9.7,0.32,0.54,2.5,0.094,28.0,83.0,0.9984,1074
8.8,0.41,0.64,2.2,0.093,9.0,42.0,0.9986,1075
8.8,0.41,0.64,2.2,0.093,9.0,42.0,0.9986,1076
6.8,0.785,0.0,2.4,0.104,14.0,30.0,0.9966,1077
6.7,0.75,0.12,2.0,0.086,12.0,80.0,0.9958,1078
8.3,0.625,0.2,1.5,0.08,27.0,119.0,0.9972,1079
6.2,0.45,0.2,1.6,0.069,3.0,15.0,0.9958,1080
7.8,0.43,0.7,1.9,0.464,22.0,67.0,0.9974,1081
7.4,0.5,0.47,2.0,0.086,21.0,73.0,0.997,1082
7.3,0.67,0.26,1.8,0.401,16.0,51.0,0.9969,1083
6.3,0.3,0.48,1.8,0.069,18.0,61.0,0.9959,1084
6.9,0.55,0.15,2.2,0.076,19.0,40.0,0.9961,1085
8.6,0.49,0.28,1.9,0.11,20.0,136.0,0.9972,1086
7.7,0.49,0.26,1.9,0.062,9.0,31.0,0.9966,1087
9.3,0.39,0.44,2.1,0.107,34.0,125.0,0.9978,1088
7.0,0.62,0.08,1.8,0.076,8.0,24.0,0.9978,1089
7.9,0.52,0.26,1.9,0.079,42.0,140.0,0.9964,1090
8.6,0.49,0.28,1.9,0.11,20.0,136.0,0.9972,1091
8.6,0.49,0.29,2.0,0.11,19.0,133.0,0.9972,1092
7.7,0.49,0.26,1.9,0.062,9.0,31.0,0.9966,1093
5.0,1.02,0.04,1.4,0.045,41.0,85.0,0.9938,1094
4.7,0.6,0.17,2.3,0.058,17.0,106.0,0.9932,1095
6.8,0.775,0.0,3.0,0.102,8.0,23.0,0.9965,1096
7.0,0.5,0.25,2.0,0.07,3.0,22.0,0.9963,1097
7.6,0.9,0.06,2.5,0.079,5.0,10.0,0.9967,1098
8.1,0.545,0.18,1.9,0.08,13.0,35.0,0.9972,1099
8.3,0.61,0.3,2.1,0.084,11.0,50.0,0.9972,1100
7.8,0.5,0.3,1.9,0.075,8.0,22.0,0.9959,1101
8.1,0.545,0.18,1.9,0.08,13.0,35.0,0.9972,1102
8.1,0.575,0.22,2.1,0.077,12.0,65.0,0.9967,1103
7.2,0.49,0.24,2.2,0.07,5.0,36.0,0.996,1104
8.1,0.575,0.22,2.1,0.077,12.0,65.0,0.9967,1105
7.8,0.41,0.68,1.7,0.467,18.0,69.0,0.9973,1106
6.2,0.63,0.31,1.7,0.088,15.0,64.0,0.9969,1107
8.0,0.33,0.53,2.5,0.091,18.0,80.0,0.9976,1108
8.1,0.785,0.52,2.0,0.122,37.0,153.0,0.9969,1109
7.8,0.56,0.19,1.8,0.104,12.0,47.0,0.9964,1110
8.4,0.62,0.09,2.2,0.084,11.0,108.0,0.9964,1111
8.4,0.6,0.1,2.2,0.085,14.0,111.0,0.9964,1112
10.1,0.31,0.44,2.3,0.08,22.0,46.0,0.9988,1113
7.8,0.56,0.19,1.8,0.104,12.0,47.0,0.9964,1114
9.4,0.4,0.31,2.2,0.09,13.0,62.0,0.9966,1115
8.3,0.54,0.28,1.9,0.077,11.0,40.0,0.9978,1116
7.8,0.56,0.12,2.0,0.082,7.0,28.0,0.997,1117
8.8,0.55,0.04,2.2,0.119,14.0,56.0,0.9962,1118
7.0,0.69,0.08,1.8,0.097,22.0,89.0,0.9959,1119
7.3,1.07,0.09,1.7,0.178,10.0,89.0,0.9962,1120
8.8,0.55,0.04,2.2,0.119,14.0,56.0,0.9962,1121
7.3,0.695,0.0,2.5,0.075,3.0,13.0,0.998,1122
8.0,0.71,0.0,2.6,0.08,11.0,34.0,0.9976,1123
7.8,0.5,0.17,1.6,0.082,21.0,102.0,0.996,1124
9.0,0.62,0.04,1.9,0.146,27.0,90.0,0.9984,1125
8.2,1.33,0.0,1.7,0.081,3.0,12.0,0.9964,1126
8.1,1.33,0.0,1.8,0.082,3.0,12.0,0.9964,1127
8.0,0.59,0.16,1.8,0.065,3.0,16.0,0.9962,1128
6.1,0.38,0.15,1.8,0.072,6.0,19.0,0.9955,1129
8.0,0.745,0.56,2.0,0.118,30.0,134.0,0.9968,1130
5.6,0.5,0.09,2.3,0.049,17.0,99.0,0.9937,1131
5.6,0.5,0.09,2.3,0.049,17.0,99.0,0.9937,1132
6.6,0.5,0.01,1.5,0.06,17.0,26.0,0.9952,1133
7.9,1.04,0.05,2.2,0.084,13.0,29.0,0.9959,1134
8.4,0.745,0.11,1.9,0.09,16.0,63.0,0.9965,1135
8.3,0.715,0.15,1.8,0.089,10.0,52.0,0.9968,1136
7.2,0.415,0.36,2.0,0.081,13.0,45.0,0.9972,1137
7.8,0.56,0.19,2.1,0.081,15.0,105.0,0.9962,1138
7.8,0.56,0.19,2.0,0.081,17.0,108.0,0.9962,1139
8.4,0.745,0.11,1.9,0.09,16.0,63.0,0.9965,1140
8.3,0.715,0.15,1.8,0.089,10.0,52.0,0.9968,1141
5.2,0.34,0.0,1.8,0.05,27.0,63.0,0.9916,1142
6.3,0.39,0.08,1.7,0.066,3.0,20.0,0.9954,1143
5.2,0.34,0.0,1.8,0.05,27.0,63.0,0.9916,1144
8.1,0.67,0.55,1.8,0.117,32.0,141.0,0.9968,1145
5.8,0.68,0.02,1.8,0.087,21.0,94.0,0.9944,1146
7.6,0.49,0.26,1.6,0.236,10.0,88.0,0.9968,1147
6.9,0.49,0.1,2.3,0.074,12.0,30.0,0.9959,1148
8.2,0.4,0.44,2.8,0.089,11.0,43.0,0.9975,1149
7.3,0.33,0.47,2.1,0.077,5.0,11.0,0.9958,1150
9.2,0.52,1.0,3.4,0.61,32.0,69.0,0.9996,1151
7.5,0.6,0.03,1.8,0.095,25.0,99.0,0.995,1152
7.5,0.6,0.03,1.8,0.095,25.0,99.0,0.995,1153
7.1,0.43,0.42,5.5,0.07,29.0,129.0,0.9973,1154
7.1,0.43,0.42,5.5,0.071,28.0,128.0,0.9973,1155
7.1,0.43,0.42,5.5,0.07,29.0,129.0,0.9973,1156
7.1,0.43,0.42,5.5,0.071,28.0,128.0,0.9973,1157
7.1,0.68,0.0,2.2,0.073,12.0,22.0,0.9969,1158
6.8,0.6,0.18,1.9,0.079,18.0,86.0,0.9968,1159
7.6,0.95,0.03,2.0,0.09,7.0,20.0,0.9959,1160
7.6,0.68,0.02,1.3,0.072,9.0,20.0,0.9965,1161
7.8,0.53,0.04,1.7,0.076,17.0,31.0,0.9964,1162
7.4,0.6,0.26,7.3,0.07,36.0,121.0,0.9982,1163
7.3,0.59,0.26,7.2,0.07,35.0,121.0,0.9981,1164
7.8,0.63,0.48,1.7,0.1,14.0,96.0,0.9961,1165
6.8,0.64,0.1,2.1,0.085,18.0,101.0,0.9956,1166
7.3,0.55,0.03,1.6,0.072,17.0,42.0,0.9956,1167
6.8,0.63,0.07,2.1,0.089,11.0,44.0,0.9953,1168
7.5,0.705,0.24,1.8,0.36,15.0,63.0,0.9964,1169
7.9,0.885,0.03,1.8,0.058,4.0,8.0,0.9972,1170
8.0,0.42,0.17,2.0,0.073,6.0,18.0,0.9972,1171
8.0,0.42,0.17,2.0,0.073,6.0,18.0,0.9972,1172
7.4,0.62,0.05,1.9,0.068,24.0,42.0,0.9961,1173
7.3,0.38,0.21,2.0,0.08,7.0,35.0,0.9961,1174
6.9,0.5,0.04,1.5,0.085,19.0,49.0,0.9958,1175
7.3,0.38,0.21,2.0,0.08,7.0,35.0,0.9961,1176
7.5,0.52,0.42,2.3,0.087,8.0,38.0,0.9972,1177
7.0,0.805,0.0,2.5,0.068,7.0,20.0,0.9969,1178
8.8,0.61,0.14,2.4,0.067,10.0,42.0,0.9969,1179
8.8,0.61,0.14,2.4,0.067,10.0,42.0,0.9969,1180
8.9,0.61,0.49,2.0,0.27,23.0,110.0,0.9972,1181
7.2,0.73,0.02,2.5,0.076,16.0,42.0,0.9972,1182
6.8,0.61,0.2,1.8,0.077,11.0,65.0,0.9971,1183
6.7,0.62,0.21,1.9,0.079,8.0,62.0,0.997,1184
8.9,0.31,0.57,2.0,0.111,26.0,85.0,0.9971,1185
7.4,0.39,0.48,2.0,0.082,14.0,67.0,0.9972,1186
7.7,0.705,0.1,2.6,0.084,9.0,26.0,0.9976,1187
7.9,0.5,0.33,2.0,0.084,15.0,143.0,0.9968,1188
7.9,0.49,0.32,1.9,0.082,17.0,144.0,0.9968,1189
8.2,0.5,0.35,2.9,0.077,21.0,127.0,0.9976,1190
6.4,0.37,0.25,1.9,0.074,21.0,49.0,0.9974,1191
6.8,0.63,0.12,,0.099,16.0,126.0,0.9969,1192
7.6,0.55,0.21,2.2,0.071,7.0,28.0,0.9964,1193
7.6,0.55,0.21,2.2,0.071,7.0,28.0,0.9964,1194
7.8,0.59,0.33,2.0,0.074,24.0,120.0,0.9968,1195
7.3,0.58,0.3,2.4,0.074,15.0,55.0,0.9968,1196
11.5,0.3,0.6,2.0,0.067,12.0,27.0,0.9981,1197
5.4,0.835,0.08,1.2,0.046,13.0,93.0,0.9924,1198
6.9,1.09,0.06,2.1,0.061,12.0,31.0,0.9948,1199
9.6,0.32,0.47,1.4,0.056,9.0,24.0,0.99695,1200
8.8,0.37,0.48,2.1,0.097,39.0,145.0,0.9975,1201
6.8,0.5,0.11,1.5,0.075,16.0,49.0,0.99545,1202
7.0,0.42,0.35,1.6,0.088,16.0,39.0,0.9961,1203
7.0,0.43,0.36,1.6,0.089,14.0,37.0,0.99615,1204
12.8,0.3,0.74,2.6,0.095,9.0,28.0,0.9994,1205
12.8,0.3,0.74,2.6,0.095,9.0,28.0,0.9994,1206
7.8,0.57,0.31,1.8,0.069,26.0,120.0,0.99625,1207
7.8,0.44,0.28,2.7,0.1,18.0,95.0,0.9966,1208
11.0,0.3,0.58,2.1,0.054,7.0,19.0,0.998,1209
9.7,0.53,0.6,2.0,0.039,5.0,19.0,0.99585,1210
8.0,0.725,0.24,2.8,0.083,10.0,62.0,0.99685,1211
11.6,0.44,0.64,2.1,0.059,5.0,15.0,0.998,1212
8.2,0.57,0.26,2.2,0.06,28.0,65.0,0.9959,1213
7.8,0.735,0.08,2.4,0.092,10.0,41.0,0.9974,1214
7.0,0.49,0.49,5.6,0.06,26.0,121.0,0.9974,1215
8.7,0.625,0.16,2.0,0.101,13.0,49.0,0.9962,1216
8.1,0.725,0.22,2.2,0.072,11.0,41.0,0.9967,1217
7.5,0.49,0.19,1.9,0.076,10.0,44.0,0.9957,1218
7.8,0.53,0.33,2.4,0.08,24.0,144.0,0.99655,1219
7.8,0.34,0.37,2.0,0.082,24.0,58.0,0.9964,1220
7.4,0.53,0.26,2.0,0.101,16.0,72.0,0.9957,1221
6.8,0.61,0.04,1.5,0.057,5.0,10.0,0.99525,1222
8.6,0.645,0.25,2.0,0.083,8.0,28.0,0.99815,1223
8.4,0.635,0.36,2.0,0.089,15.0,55.0,0.99745,1224
7.7,0.43,0.25,2.6,0.073,29.0,63.0,0.99615,1225
8.9,0.59,0.5,2.0,0.337,27.0,81.0,0.9964,1226
9.0,0.82,0.14,2.6,0.089,9.0,23.0,0.9984,1227
7.7,0.43,0.25,2.6,0.073,29.0,63.0,0.99615,1228
6.9,0.52,0.25,2.6,0.081,10.0,37.0,0.99685,1229
5.2,0.48,0.04,1.6,0.054,19.0,106.0,0.9927,1230
8.0,0.38,0.06,1.8,0.078,12.0,49.0,0.99625,1231
8.5,0.37,0.2,2.8,0.09,18.0,58.0,0.998,1232
6.9,0.52,0.25,2.6,0.081,10.0,37.0,0.99685,1233
8.2,1.0,0.09,2.3,0.065,7.0,37.0,0.99685,1234
7.2,0.63,0.0,1.9,0.097,14.0,38.0,0.99675,1235
7.2,0.63,0.0,1.9,0.097,14.0,38.0,0.99675,1236
7.2,0.645,0.0,1.9,0.097,15.0,39.0,0.99675,1237
7.2,0.63,0.0,1.9,0.097,14.0,38.0,0.99675,1238
8.2,1.0,0.09,2.3,0.065,7.0,37.0,0.99685,1239
8.9,0.635,0.37,1.7,0.263,5.0,62.0,0.9971,1240
12.0,0.38,0.56,2.1,0.093,6.0,24.0,0.99925,1241
7.7,0.58,0.1,1.8,0.102,28.0,109.0,0.99565,1242
15.0,0.21,0.44,2.2,0.075,10.0,24.0,1.00005,1243
15.0,0.21,0.44,2.2,0.075,10.0,24.0,1.00005,1244
7.3,0.66,0.0,2.0,0.084,6.0,23.0,0.9983,1245
7.1,0.68,0.07,1.9,0.075,16.0,51.0,0.99685,1246
8.2,0.6,0.17,2.3,0.072,11.0,73.0,0.9963,1247
7.7,0.53,0.06,1.7,0.074,9.0,39.0,0.99615,1248
7.3,0.66,0.0,2.0,0.084,6.0,23.0,0.9983,1249
10.8,0.32,0.44,1.6,0.063,16.0,37.0,0.9985,1250
7.1,0.6,0.0,1.8,0.074,16.0,34.0,0.9972,1251
11.1,0.35,0.48,3.1,0.09,5.0,21.0,0.9986,1252
7.7,0.775,0.42,1.9,0.092,8.0,86.0,0.9959,1253
7.1,0.6,0.0,,0.074,16.0,34.0,0.9972,1254
8.0,0.57,0.23,3.2,0.073,17.0,119.0,0.99675,1255
9.4,0.34,0.37,2.2,0.075,5.0,13.0,0.998,1256
6.6,0.695,0.0,2.1,0.075,12.0,56.0,0.9968,1257
7.7,0.41,0.76,1.8,0.611,8.0,45.0,0.9968,1258
10.0,0.31,0.47,2.6,0.085,14.0,33.0,0.99965,1259
7.9,0.33,0.23,1.7,0.077,18.0,45.0,0.99625,1260
7.0,0.975,0.04,2.0,0.087,12.0,67.0,0.99565,1261
8.0,0.52,0.03,1.7,0.07,10.0,35.0,0.99575,1262
7.9,0.37,0.23,1.8,0.077,23.0,49.0,0.9963,1263
12.5,0.56,0.49,2.4,0.064,5.0,27.0,0.9999,1264
11.8,0.26,0.52,1.8,0.071,6.0,10.0,0.9968,1265
8.1,0.87,0.0,3.3,0.096,26.0,61.0,1.00025,1266
7.9,0.35,0.46,3.6,0.078,15.0,37.0,0.9973,1267
6.9,0.54,0.04,3.0,0.077,7.0,27.0,0.9987,1268
11.5,0.18,0.51,4.0,0.104,4.0,23.0,0.9996,1269
7.9,0.545,0.06,4.0,0.087,27.0,61.0,0.9965,1270
11.5,0.18,0.51,4.0,0.104,4.0,23.0,0.9996,1271
10.9,0.37,0.58,4.0,0.071,17.0,65.0,0.99935,1272
8.4,0.715,0.2,2.4,0.076,10.0,38.0,0.99735,1273
7.5,0.65,0.18,7.0,0.088,27.0,94.0,0.99915,1274
7.9,0.545,0.06,4.0,0.087,27.0,61.0,0.9965,1275
6.9,0.54,0.04,3.0,0.077,7.0,27.0,0.9987,1276
11.5,0.18,0.51,4.0,0.104,4.0,23.0,0.9996,1277
10.3,0.32,0.45,6.4,0.073,5.0,13.0,0.9976,1278
8.9,0.4,0.32,5.6,0.087,10.0,47.0,0.9991,1279
11.4,0.26,0.44,3.6,0.071,6.0,19.0,0.9986,1280
7.7,0.27,0.68,3.5,0.358,5.0,10.0,0.9972,1281
7.6,0.52,0.12,3.0,0.067,12.0,53.0,0.9971,1282
8.9,0.4,0.32,5.6,0.087,10.0,47.0,0.9991,1283
9.9,0.59,0.07,3.4,0.102,32.0,71.0,1.00015,1284
9.9,0.59,0.07,3.4,0.102,32.0,71.0,1.00015,1285
12.0,0.45,0.55,2.0,0.073,25.0,49.0,0.9997,1286
7.5,0.4,0.12,3.0,0.092,29.0,53.0,0.9967,1287
8.7,0.52,0.09,2.5,0.091,20.0,49.0,0.9976,1288
11.6,0.42,0.53,3.3,0.105,33.0,98.0,1.001,1289
8.7,0.52,0.09,2.5,0.091,20.0,49.0,0.9976,1290
11.0,0.2,0.48,2.0,0.343,6.0,18.0,0.9979,1291
10.4,0.55,0.23,2.7,0.091,18.0,48.0,0.9994,1292
6.9,0.36,0.25,2.4,0.098,5.0,16.0,0.9964,1293
13.3,0.34,0.52,3.2,0.094,17.0,53.0,1.0014,1294
10.8,0.5,0.46,2.5,0.073,5.0,27.0,1.0001,1295
10.6,0.83,0.37,2.6,0.086,26.0,70.0,0.9981,1296
7.1,0.63,0.06,,0.083,8.0,29.0,0.99855,1297
7.2,0.65,0.02,2.3,0.094,5.0,31.0,0.9993,1298
6.9,0.67,0.06,2.1,0.08,8.0,33.0,0.99845,1299
7.5,0.53,0.06,2.6,0.086,20.0,44.0,0.9965,1300
11.1,0.18,0.48,1.5,0.068,7.0,15.0,0.9973,1301
8.3,0.705,0.12,2.6,0.092,12.0,28.0,0.9994,1302
7.4,0.67,0.12,1.6,0.186,5.0,21.0,0.996,1303
8.4,0.65,0.6,2.1,0.112,12.0,90.0,0.9973,1304
10.3,0.53,0.48,2.5,0.063,6.0,25.0,0.9998,1305
7.6,0.62,0.32,2.2,0.082,7.0,54.0,0.9966,1306
10.3,0.41,0.42,2.4,0.213,6.0,14.0,0.9994,1307
10.3,0.43,0.44,2.4,0.214,5.0,12.0,0.9994,1308
7.4,0.29,0.38,1.7,0.062,9.0,30.0,0.9968,1309
10.3,0.53,0.48,2.5,0.063,6.0,25.0,0.9998,1310
7.9,0.53,0.24,,0.072,15.0,105.0,0.996,1311
9.0,0.46,0.31,2.8,0.093,19.0,98.0,0.99815,1312
8.6,0.47,0.3,3.0,0.076,30.0,135.0,0.9976,1313
7.4,0.36,0.29,2.6,0.087,26.0,72.0,0.99645,1314
7.1,0.35,0.29,2.5,0.096,20.0,53.0,0.9962,1315
9.6,0.56,0.23,3.4,0.102,37.0,92.0,0.9996,1316
9.6,0.77,0.12,2.9,0.082,30.0,74.0,0.99865,1317
9.8,0.66,0.39,3.2,0.083,21.0,59.0,0.9989,1318
9.6,0.77,0.12,2.9,0.082,30.0,74.0,0.99865,1319
9.8,0.66,0.39,3.2,0.083,21.0,59.0,0.9989,1320
9.3,0.61,0.26,3.4,0.09,25.0,87.0,0.99975,1321
7.8,0.62,0.05,2.3,0.079,6.0,18.0,0.99735,1322
10.3,0.59,0.42,2.8,0.09,35.0,73.0,0.999,1323
10.0,0.49,0.2,11.0,0.071,13.0,50.0,1.0015,1324
10.0,0.49,0.2,11.0,0.071,13.0,50.0,1.0015,1325
11.6,0.53,0.66,3.65,0.121,6.0,14.0,0.9978,1326
10.3,0.44,0.5,4.5,0.107,5.0,13.0,0.998,1327
13.4,0.27,0.62,2.6,0.082,6.0,21.0,1.0002,1328
10.7,0.46,0.39,2.0,0.061,7.0,15.0,0.9981,1329
10.2,0.36,0.64,2.9,0.122,10.0,41.0,0.998,1330
10.2,0.36,0.64,2.9,0.122,10.0,41.0,0.998,1331
8.0,0.58,0.28,3.2,0.066,21.0,114.0,0.9973,1332
8.4,0.56,0.08,2.1,0.105,16.0,44.0,0.9958,1333
7.9,0.65,0.01,2.5,0.078,17.0,38.0,0.9963,1334
11.9,0.695,0.53,3.4,0.128,7.0,21.0,0.9992,1335
8.9,0.43,0.45,1.9,0.052,6.0,16.0,0.9948,1336
7.8,0.43,0.32,2.8,0.08,29.0,58.0,0.9974,1337
12.4,0.49,0.58,3.0,0.103,28.0,99.0,1.0008,1338
12.5,0.28,0.54,2.3,0.082,12.0,29.0,0.9997,1339
12.2,0.34,0.5,2.4,0.066,10.0,21.0,1.0,1340
10.6,0.42,0.48,2.7,0.065,5.0,18.0,0.9972,1341
10.9,0.39,0.47,1.8,0.118,6.0,14.0,0.9982,1342
10.9,0.39,0.47,1.8,0.118,6.0,14.0,0.9982,1343
11.9,0.57,0.5,2.6,0.082,6.0,32.0,1.0006,1344
7.0,0.685,0.0,1.9,0.067,40.0,63.0,0.9979,1345
6.6,0.815,0.02,2.7,0.072,17.0,34.0,0.9955,1346
13.8,0.49,0.67,3.0,0.093,6.0,15.0,0.9986,1347
9.6,0.56,0.31,2.8,0.089,15.0,46.0,0.9979,1348
9.1,0.785,0.0,2.6,0.093,11.0,28.0,0.9994,1349
10.7,0.67,0.22,2.7,0.107,17.0,34.0,1.0004,1350
9.1,0.795,0.0,2.6,0.096,11.0,26.0,0.9994,1351
7.7,0.665,0.0,2.4,0.09,8.0,19.0,0.9974,1352
13.5,0.53,0.79,4.8,0.12,23.0,77.0,1.0018,1353
6.1,0.21,0.4,1.4,0.066,40.5,165.0,0.9912,1354
6.7,0.75,0.01,2.4,0.078,17.0,32.0,0.9955,1355
11.5,0.41,0.52,3.0,0.08,29.0,55.0,1.0001,1356
10.5,0.42,0.66,2.95,0.116,12.0,29.0,0.997,1357
11.9,0.43,0.66,,0.109,10.0,23.0,1.0,1358
12.6,0.38,0.66,2.6,0.088,10.0,41.0,1.001,1359
8.2,0.7,0.23,2.0,0.099,14.0,81.0,0.9973,1360
8.6,0.45,0.31,2.6,0.086,21.0,50.0,0.9982,1361
11.9,0.58,0.66,2.5,0.072,6.0,37.0,0.9992,1362
12.5,0.46,0.63,2.0,0.071,6.0,15.0,0.9988,1363
12.8,0.615,0.66,5.8,0.083,7.0,42.0,1.0022,1364
10.0,0.42,0.5,3.4,0.107,7.0,21.0,0.9979,1365
12.8,0.615,0.66,5.8,0.083,7.0,42.0,1.0022,1366
10.4,0.575,0.61,2.6,0.076,11.0,24.0,1.0,1367
10.3,0.34,0.52,2.8,0.159,15.0,75.0,0.9998,1368
9.4,0.27,0.53,2.4,0.074,6.0,18.0,0.9962,1369
6.9,0.765,0.02,2.3,0.063,35.0,63.0,0.9975,1370
7.9,0.24,0.4,1.6,0.056,11.0,25.0,0.9967,1371
9.1,0.28,0.48,1.8,0.067,26.0,46.0,0.9967,1372
7.4,0.55,0.22,2.2,0.106,12.0,72.0,0.9959,1373
14.0,0.41,0.63,3.8,0.089,6.0,47.0,1.0014,1374
11.5,0.54,0.71,4.4,0.124,6.0,15.0,0.9984,1375
11.5,0.45,0.5,3.0,0.078,19.0,47.0,1.0003,1376
9.4,0.27,0.53,2.4,0.074,6.0,18.0,0.9962,1377
11.4,0.625,0.66,6.2,0.088,6.0,24.0,0.9988,1378
8.3,0.42,0.38,2.5,0.094,24.0,60.0,0.9979,1379
8.3,0.26,0.42,2.0,0.08,11.0,27.0,0.9974,1380
13.7,0.415,0.68,2.9,0.085,17.0,43.0,1.0014,1381
8.3,0.26,0.42,2.0,0.08,11.0,27.0,0.9974,1382
8.3,0.26,0.42,2.0,0.08,11.0,27.0,0.9974,1383
7.7,0.51,0.28,2.1,0.087,23.0,54.0,0.998,1384
7.4,0.63,0.07,2.4,0.09,11.0,37.0,0.9979,1385
7.8,0.54,0.26,2.0,0.088,23.0,48.0,0.9981,1386
8.3,0.66,0.15,,0.079,17.0,42.0,0.9972,1387
7.8,0.46,0.26,1.9,0.088,23.0,53.0,0.9981,1388
9.6,0.38,0.31,2.5,0.096,16.0,49.0,0.9982,1389
5.6,0.85,0.05,1.4,0.045,12.0,88.0,0.9924,1390
13.7,0.415,0.68,2.9,0.085,17.0,43.0,1.0014,1391
9.5,0.37,0.52,2.0,0.082,6.0,26.0,0.998,1392
8.4,0.665,0.61,2.0,0.112,13.0,95.0,0.997,1393
12.7,0.6,0.65,2.3,0.063,6.0,25.0,0.9997,1394
12.0,0.37,0.76,4.2,0.066,7.0,38.0,1.0004,1395
6.6,0.735,0.02,7.9,0.122,68.0,124.0,0.9994,1396
11.5,0.59,0.59,2.6,0.087,13.0,49.0,0.9988,1397
11.5,0.59,0.59,2.6,0.087,13.0,49.0,0.9988,1398
8.7,0.765,0.22,2.3,0.064,9.0,42.0,0.9963,1399
6.6,0.735,0.02,7.9,0.122,68.0,124.0,0.9994,1400
7.7,0.26,0.3,1.7,0.059,20.0,38.0,0.9949,1401
12.2,0.48,0.54,2.6,0.085,19.0,64.0,1.0,1402
11.4,0.6,0.49,2.7,0.085,10.0,41.0,0.9994,1403
7.7,0.69,0.05,2.7,0.075,15.0,27.0,0.9974,1404
8.7,0.31,0.46,1.4,0.059,11.0,25.0,0.9966,1405
9.8,0.44,0.47,2.5,0.063,9.0,28.0,0.9981,1406
12.0,0.39,0.66,3.0,0.093,12.0,30.0,0.9996,1407
10.4,0.34,0.58,3.7,0.174,6.0,16.0,0.997,1408
12.5,0.46,0.49,4.5,0.07,26.0,49.0,0.9981,1409
9.0,0.43,0.34,2.5,0.08,26.0,86.0,0.9987,1410
9.1,0.45,0.35,2.4,0.08,23.0,78.0,0.9987,1411
7.1,0.735,0.16,1.9,0.1,15.0,77.0,0.9966,1412
9.9,0.4,0.53,6.7,0.097,6.0,19.0,0.9986,1413
8.8,0.52,0.34,,0.087,24.0,122.0,0.9982,1414
8.6,0.725,0.24,6.6,0.117,31.0,134.0,1.0014,1415
10.6,0.48,0.64,2.2,0.111,6.0,20.0,0.997,1416
7.0,0.58,0.12,1.9,0.091,34.0,124.0,0.9956,1417
11.9,0.38,0.51,2.0,0.121,7.0,20.0,0.9996,1418
6.8,0.77,0.0,1.8,0.066,34.0,52.0,0.9976,1419
9.5,0.56,0.33,2.4,0.089,35.0,67.0,0.9972,1420
6.6,0.84,0.03,2.3,0.059,32.0,48.0,0.9952,1421
7.7,0.96,0.2,2.0,0.047,15.0,60.0,0.9955,1422
10.5,0.24,0.47,2.1,0.066,6.0,24.0,0.9978,1423
7.7,0.96,0.2,2.0,0.047,15.0,60.0,0.9955,1424
6.6,0.84,0.03,2.3,0.059,32.0,48.0,0.9952,1425
6.4,0.67,0.08,2.1,0.045,19.0,48.0,0.9949,1426
9.5,0.78,0.22,1.9,0.077,6.0,32.0,0.9988,1427
9.1,0.52,0.33,1.3,0.07,9.0,30.0,0.9978,1428
12.8,0.84,0.63,2.4,0.088,13.0,35.0,0.9997,1429
10.5,0.24,0.47,2.1,0.066,6.0,24.0,0.9978,1430
7.8,0.55,0.35,2.2,0.074,21.0,66.0,0.9974,1431
11.9,0.37,0.69,2.3,0.078,12.0,24.0,0.9958,1432
12.3,0.39,0.63,2.3,0.091,6.0,18.0,1.0004,1433
10.4,0.41,0.55,3.2,0.076,22.0,54.0,0.9996,1434
12.3,0.39,0.63,2.3,0.091,6.0,18.0,1.0004,1435
8.0,0.67,0.3,2.0,0.06,38.0,62.0,0.9958,1436
11.1,0.45,0.73,3.2,0.066,6.0,22.0,0.9986,1437
10.4,0.41,0.55,3.2,0.076,22.0,54.0,0.9996,1438
7.0,0.62,0.18,1.5,0.062,7.0,50.0,0.9951,1439
12.6,0.31,0.72,2.2,0.072,6.0,29.0,0.9987,1440
11.9,0.4,0.65,2.15,0.068,7.0,27.0,0.9988,1441
15.6,0.685,0.76,3.7,0.1,6.0,43.0,1.0032,1442
10.0,0.44,0.49,2.7,0.077,11.0,19.0,0.9963,1443
5.3,0.57,0.01,1.7,0.054,5.0,27.0,0.9934,1444
9.5,0.735,0.1,2.1,0.079,6.0,31.0,0.9986,1445
12.5,0.38,0.6,2.6,0.081,31.0,72.0,0.9996,1446
9.3,0.48,0.29,2.1,0.127,6.0,16.0,0.9968,1447
8.6,0.53,0.22,2.0,0.1,7.0,27.0,0.9967,1448
11.9,0.39,0.69,2.8,0.095,17.0,35.0,0.9994,1449
11.9,0.39,0.69,2.8,0.095,17.0,35.0,0.9994,1450
8.4,0.37,0.53,1.8,0.413,9.0,26.0,0.9979,1451
6.8,0.56,0.03,1.7,0.084,18.0,35.0,0.9968,1452
10.4,0.33,0.63,2.8,0.084,5.0,22.0,0.9998,1453
7.0,0.23,0.4,1.6,0.063,21.0,67.0,0.9952,1454
11.3,0.62,0.67,5.2,0.086,6.0,19.0,0.9988,1455
8.9,0.59,0.39,2.3,0.095,5.0,22.0,0.9986,1456
9.2,0.63,0.21,2.7,0.097,29.0,65.0,0.9988,1457
10.4,0.33,0.63,2.8,0.084,5.0,22.0,0.9998,1458
11.6,0.58,0.66,2.2,0.074,10.0,47.0,1.0008,1459
9.2,0.43,0.52,2.3,0.083,14.0,23.0,0.9976,1460
8.3,0.615,0.22,2.6,0.087,6.0,19.0,0.9982,1461
11.0,0.26,0.68,2.55,0.085,10.0,25.0,0.997,1462
8.1,0.66,0.7,2.2,0.098,25.0,129.0,0.9972,1463
11.5,0.315,0.54,2.1,0.084,5.0,15.0,0.9987,1464
10.0,0.29,0.4,2.9,0.098,10.0,26.0,1.0006,1465
10.3,0.5,0.42,2.0,0.069,21.0,51.0,0.9982,1466
8.8,0.46,0.45,2.6,0.065,7.0,18.0,0.9947,1467
11.4,0.36,0.69,2.1,0.09,6.0,21.0,1.0,1468
8.7,0.82,0.02,1.2,0.07,36.0,48.0,0.9952,1469
13.0,0.32,0.65,2.6,0.093,15.0,47.0,0.9996,1470
9.6,0.54,0.42,2.4,0.081,25.0,52.0,0.997,1471
12.5,0.37,0.55,2.6,0.083,25.0,68.0,0.9995,1472
9.9,0.35,0.55,2.1,0.062,5.0,14.0,0.9971,1473
10.5,0.28,0.51,1.7,0.08,10.0,24.0,0.9982,1474
9.6,0.68,0.24,2.2,0.087,5.0,28.0,0.9988,1475
9.3,0.27,0.41,2.0,0.091,6.0,16.0,0.998,1476
10.4,0.24,0.49,1.8,0.075,6.0,20.0,0.9977,1477
9.6,0.68,0.24,2.2,0.087,5.0,28.0,0.9988,1478
9.4,0.685,0.11,2.7,0.077,6.0,31.0,0.9984,1479
10.6,0.28,0.39,15.5,0.069,6.0,23.0,1.0026,1480
9.4,0.3,0.56,2.8,0.08,6.0,17.0,0.9964,1481
10.6,0.36,0.59,2.2,0.152,6.0,18.0,0.9986,1482
10.6,0.36,0.6,2.2,0.152,7.0,18.0,0.9986,1483
10.6,0.44,0.68,4.1,0.114,6.0,24.0,0.997,1484
10.2,0.67,0.39,1.9,0.054,6.0,17.0,0.9976,1485
10.2,0.67,0.39,1.9,0.054,6.0,17.0,0.9976,1486
10.2,0.645,0.36,1.8,0.053,5.0,14.0,0.9982,1487
11.6,0.32,0.55,2.8,0.081,35.0,67.0,1.0002,1488
9.3,0.39,0.4,2.6,0.073,10.0,26.0,0.9984,1489
9.3,0.775,0.27,2.8,0.078,24.0,56.0,0.9984,1490
9.2,0.41,0.5,2.5,0.055,12.0,25.0,0.9952,1491
8.9,0.4,0.51,2.6,0.052,13.0,27.0,0.995,1492
8.7,0.69,0.31,3.0,0.086,23.0,81.0,1.0002,1493
6.5,0.39,0.23,8.3,0.051,28.0,91.0,0.9952,1494
10.7,0.35,0.53,2.6,0.07,5.0,16.0,0.9972,1495
7.8,0.52,0.25,1.9,0.081,14.0,38.0,0.9984,1496
7.2,0.34,0.32,2.5,0.09,43.0,113.0,0.9966,1497
10.7,0.35,0.53,2.6,0.07,5.0,16.0,0.9972,1498
8.7,0.69,0.31,3.0,0.086,23.0,81.0,1.0002,1499
7.8,0.52,0.25,1.9,0.081,14.0,38.0,0.9984,1500
10.4,0.44,0.73,6.55,0.074,38.0,76.0,0.999,1501
10.4,0.44,0.73,6.55,0.074,38.0,76.0,0.999,1502
10.5,0.26,0.47,1.9,0.078,6.0,24.0,0.9976,1503
10.5,0.24,0.42,1.8,0.077,6.0,22.0,0.9976,1504
10.2,0.49,0.63,2.9,0.072,10.0,26.0,0.9968,1505
10.4,0.24,0.46,1.8,0.075,6.0,21.0,0.9976,1506
11.2,0.67,0.55,2.3,0.084,6.0,13.0,1.0,1507
10.0,0.59,0.31,2.2,0.09,26.0,62.0,0.9994,1508
13.3,0.29,0.75,2.8,0.084,23.0,43.0,0.9986,1509
12.4,0.42,0.49,,0.073,19.0,43.0,0.9978,1510
10.0,0.59,0.31,2.2,0.09,26.0,62.0,0.9994,1511
10.7,0.4,0.48,2.1,0.125,15.0,49.0,0.998,1512
10.5,0.51,0.64,2.4,0.107,6.0,15.0,0.9973,1513
10.5,0.51,0.64,2.4,0.107,6.0,15.0,0.9973,1514
8.5,0.655,0.49,6.1,0.122,34.0,151.0,1.001,1515
12.5,0.6,0.49,4.3,0.1,5.0,14.0,1.001,1516
10.4,0.61,0.49,2.1,0.2,5.0,16.0,0.9994,1517
10.9,0.21,0.49,2.8,0.088,11.0,32.0,0.9972,1518
7.3,0.365,0.49,2.5,0.088,39.0,106.0,0.9966,1519
9.8,0.25,0.49,2.7,0.088,15.0,33.0,0.9982,1520
7.6,0.41,0.49,2.0,0.088,16.0,43.0,0.998,1521
8.2,0.39,0.49,2.3,0.099,47.0,133.0,0.9979,1522
9.3,0.4,0.49,2.5,0.085,38.0,142.0,0.9978,1523
9.2,0.43,0.49,2.4,0.086,23.0,116.0,0.9976,1524
10.4,0.64,0.24,2.8,0.105,29.0,53.0,0.9998,1525
7.3,0.365,0.49,2.5,0.088,39.0,106.0,0.9966,1526
7.0,0.38,0.49,2.5,0.097,33.0,85.0,0.9962,1527
8.2,0.42,0.49,2.6,0.084,32.0,55.0,0.9988,1528
9.9,0.63,0.24,2.4,0.077,6.0,33.0,0.9974,1529
9.1,0.22,0.24,2.1,0.078,1.0,28.0,0.999,1530
11.9,0.38,0.49,2.7,0.098,12.0,42.0,1.0004,1531
11.9,0.38,0.49,2.7,0.098,12.0,42.0,1.0004,1532
10.3,0.27,0.24,2.1,0.072,15.0,33.0,0.9956,1533
10.0,0.48,0.24,2.7,0.102,13.0,32.0,1.0,1534
9.1,0.22,0.24,2.1,0.078,1.0,28.0,0.999,1535
9.9,0.63,0.24,2.4,0.077,6.0,33.0,0.9974,1536
8.1,0.825,0.24,2.1,0.084,5.0,13.0,0.9972,1537
12.9,0.35,0.49,5.8,0.066,5.0,35.0,1.0014,1538
11.2,0.5,0.74,5.15,0.1,5.0,17.0,0.9996,1539
9.2,0.59,0.24,3.3,0.101,20.0,47.0,0.9988,1540
9.5,0.46,0.49,6.3,0.064,5.0,17.0,0.9988,1541
9.3,0.715,0.24,2.1,0.07,5.0,20.0,0.9966,1542
11.2,0.66,0.24,2.5,0.085,16.0,53.0,0.9993,1543
14.3,0.31,0.74,1.8,0.075,6.0,15.0,1.0008,1544
9.1,0.47,0.49,2.6,0.094,38.0,106.0,0.9982,1545
7.5,0.55,0.24,2.0,0.078,10.0,28.0,0.9983,1546
10.6,0.31,0.49,2.5,0.067,6.0,21.0,0.9987,1547
12.4,0.35,0.49,2.6,0.079,27.0,69.0,0.9994,1548
9.0,0.53,0.49,1.9,0.171,6.0,25.0,0.9975,1549
6.8,0.51,0.01,2.1,0.074,9.0,25.0,0.9958,1550
9.4,0.43,0.24,2.8,0.092,14.0,45.0,0.998,1551
9.5,0.46,0.24,2.7,0.092,14.0,44.0,0.998,1552
5.0,1.04,0.24,1.6,0.05,32.0,96.0,0.9934,1553
15.5,0.645,0.49,4.2,0.095,10.0,23.0,1.00315,1554
15.5,0.645,0.49,4.2,0.095,10.0,23.0,1.00315,1555
10.9,0.53,0.49,4.6,0.118,10.0,17.0,1.0002,1556
15.6,0.645,0.49,4.2,0.095,10.0,23.0,1.00315,1557
10.9,0.53,0.49,4.6,0.118,10.0,17.0,1.0002,1558
13.0,0.47,0.49,4.3,0.085,6.0,47.0,1.0021,1559
12.7,0.6,0.49,2.8,0.075,5.0,19.0,0.9994,1560
9.0,0.44,0.49,2.4,0.078,26.0,121.0,0.9978,1561
9.0,0.54,0.49,2.9,0.094,41.0,110.0,0.9982,1562
7.6,0.29,0.49,2.7,0.092,25.0,60.0,0.9971,1563
13.0,0.47,0.49,4.3,0.085,6.0,47.0,1.0021,1564
12.7,0.6,0.49,2.8,0.075,5.0,19.0,0.9994,1565
8.7,0.7,0.24,2.5,0.226,5.0,15.0,0.9991,1566
8.7,0.7,0.24,2.5,0.226,5.0,15.0,0.9991,1567
9.8,0.5,0.49,2.6,0.25,5.0,20.0,0.999,1568
6.2,0.36,0.24,2.2,0.095,19.0,42.0,0.9946,1569
11.5,0.35,0.49,3.3,0.07,10.0,37.0,1.0003,1570
6.2,0.36,0.24,2.2,0.095,19.0,42.0,0.9946,1571
10.2,0.24,0.49,2.4,0.075,10.0,28.0,0.9978,1572
10.5,0.59,0.49,2.1,0.07,14.0,47.0,0.9991,1573
10.6,0.34,0.49,3.2,0.078,20.0,78.0,0.9992,1574
12.3,0.27,0.49,3.1,0.079,28.0,46.0,0.9993,1575
9.9,0.5,0.24,2.3,0.103,6.0,14.0,0.9978,1576
8.8,0.44,0.49,2.8,0.083,18.0,111.0,0.9982,1577
8.8,0.47,0.49,2.9,0.085,17.0,110.0,0.9982,1578
10.6,0.31,0.49,2.2,0.063,18.0,40.0,0.9976,1579
12.3,0.5,0.49,2.2,0.089,5.0,14.0,1.0002,1580
12.3,0.5,0.49,2.2,0.089,5.0,14.0,1.0002,1581
11.7,0.49,0.49,2.2,0.083,5.0,15.0,1.0,1582
12.0,0.28,0.49,1.9,0.074,10.0,21.0,0.9976,1583
11.8,0.33,0.49,3.4,0.093,54.0,80.0,1.0002,1584
7.6,0.51,0.24,2.4,0.091,8.0,38.0,0.998,1585
11.1,0.31,0.49,2.7,0.094,16.0,47.0,0.9986,1586
7.3,0.73,0.24,1.9,0.108,18.0,102.0,0.9967,1587
5.0,0.42,0.24,2.0,0.06,19.0,50.0,0.9917,1588
10.2,0.29,0.49,2.6,0.059,5.0,13.0,0.9976,1589
9.0,0.45,0.49,2.6,0.084,21.0,75.0,0.9987,1590
6.6,0.39,0.49,1.7,0.07,23.0,149.0,0.9922,1591
9.0,0.45,0.49,2.6,0.084,21.0,75.0,0.9987,1592
9.9,0.49,0.58,3.5,0.094,9.0,43.0,1.0004,1593
7.9,0.72,0.17,2.6,0.096,20.0,38.0,0.9978,1594
8.9,0.595,0.41,7.9,0.086,30.0,109.0,0.9998,1595
12.4,0.4,0.51,2.0,0.059,6.0,24.0,0.9994,1596
11.9,0.58,0.58,1.9,0.071,5.0,18.0,0.998,1597
8.5,0.585,0.18,2.1,0.078,5.0,30.0,0.9967,1598
12.7,0.59,0.45,2.3,0.082,11.0,22.0,1.0,1599
8.2,0.915,0.27,2.1,0.088,7.0,23.0,0.9962,1600
13.2,0.46,0.52,2.2,0.071,12.0,35.0,1.0006,1601
7.7,0.835,0.0,2.6,0.081,6.0,14.0,0.9975,1602
13.2,0.46,0.52,2.2,0.071,12.0,35.0,1.0006,1603
8.3,0.58,0.13,2.9,0.096,14.0,63.0,0.9984,1604
8.3,0.6,0.13,2.6,0.085,6.0,24.0,0.9984,1605
9.4,0.41,0.48,4.6,0.072,10.0,20.0,0.9973,1606
8.8,0.48,0.41,3.3,0.092,26.0,52.0,0.9982,1607
10.1,0.65,0.37,5.1,0.11,11.0,65.0,1.0026,1608
6.3,0.36,0.19,3.2,0.075,15.0,39.0,0.9956,1609
8.8,0.24,0.54,,0.083,25.0,57.0,0.9983,1610
13.2,0.38,0.55,2.7,0.081,5.0,16.0,1.0006,1611
7.5,0.64,0.0,2.4,0.077,18.0,29.0,0.9965,1612
8.2,0.39,0.38,1.5,0.058,10.0,29.0,0.9962,1613
9.2,0.755,0.18,2.2,0.148,10.0,103.0,0.9969,1614
9.6,0.6,0.5,2.3,0.079,28.0,71.0,0.9997,1615
9.6,0.6,0.5,2.3,0.079,28.0,71.0,0.9997,1616
11.5,0.31,0.51,2.2,0.079,14.0,28.0,0.9982,1617
11.4,0.46,0.5,2.7,0.122,4.0,17.0,1.0006,1618
11.3,0.37,0.41,2.3,0.088,6.0,16.0,0.9988,1619
8.3,0.54,0.24,3.4,0.076,16.0,112.0,0.9976,1620
8.2,0.56,0.23,3.4,0.078,14.0,104.0,0.9976,1621
10.0,0.58,0.22,1.9,0.08,9.0,32.0,0.9974,1622
7.9,0.51,0.25,2.9,0.077,21.0,45.0,0.9974,1623
6.8,0.69,0.0,5.6,0.124,21.0,58.0,0.9997,1624
6.8,0.69,0.0,5.6,0.124,21.0,58.0,0.9997,1625
8.8,0.6,0.29,2.2,0.098,5.0,15.0,0.9988,1626
8.8,0.6,0.29,2.2,0.098,5.0,15.0,0.9988,1627
8.7,0.54,0.26,2.5,0.097,7.0,31.0,0.9976,1628
7.6,0.685,0.23,2.3,0.111,20.0,84.0,0.9964,1629
8.7,0.54,0.26,2.5,0.097,7.0,31.0,0.9976,1630
10.4,0.28,0.54,2.7,0.105,5.0,19.0,0.9988,1631
7.6,0.41,0.14,3.0,0.087,21.0,43.0,0.9964,1632
10.1,0.935,0.22,3.4,0.105,11.0,86.0,1.001,1633
7.9,0.35,0.21,1.9,0.073,46.0,102.0,0.9964,1634
8.7,0.84,0.0,1.4,0.065,24.0,33.0,0.9954,1635
9.6,0.88,0.28,2.4,0.086,30.0,147.0,0.9979,1636
9.5,0.885,0.27,2.3,0.084,31.0,145.0,0.9978,1637
7.7,0.915,0.12,2.2,0.143,7.0,23.0,0.9964,1638
8.9,0.29,0.35,1.9,0.067,25.0,57.0,0.997,1639
9.9,0.54,0.45,2.3,0.071,16.0,40.0,0.9991,1640
9.5,0.59,0.44,2.3,0.071,21.0,68.0,0.9992,1641
9.9,0.54,0.45,2.3,0.071,16.0,40.0,0.9991,1642
9.5,0.59,0.44,2.3,0.071,21.0,68.0,0.9992,1643
9.9,0.54,0.45,2.3,0.071,16.0,40.0,0.9991,1644
7.8,0.64,0.1,6.0,0.115,5.0,11.0,0.9984,1645
7.3,0.67,0.05,3.6,0.107,6.0,20.0,0.9972,1646
8.3,0.845,0.01,2.2,0.07,5.0,14.0,0.9967,1647
8.7,0.48,0.3,2.8,0.066,10.0,28.0,0.9964,1648
6.7,0.42,0.27,8.6,0.068,24.0,148.0,0.9948,1649
10.7,0.43,0.39,2.2,0.106,8.0,32.0,0.9986,1650
9.8,0.88,0.25,,0.104,35.0,155.0,1.001,1651
15.9,0.36,0.65,7.5,0.096,22.0,71.0,0.9976,1652
9.4,0.33,0.59,2.8,0.079,9.0,30.0,0.9976,1653
8.6,0.47,0.47,2.4,0.074,7.0,29.0,0.9979,1654
9.7,0.55,0.17,2.9,0.087,20.0,53.0,1.0004,1655
10.7,0.43,0.39,2.2,0.106,8.0,32.0,0.9986,1656
12.0,0.5,0.59,1.4,0.073,23.0,42.0,0.998,1657
7.2,0.52,0.07,1.4,0.074,5.0,20.0,0.9973,1658
7.1,0.84,0.02,4.4,0.096,5.0,13.0,0.997,1659
7.2,0.52,0.07,1.4,0.074,5.0,20.0,0.9973,1660
7.5,0.42,0.31,1.6,0.08,15.0,42.0,0.9978,1661
7.2,0.57,0.06,1.6,0.076,9.0,27.0,0.9972,1662
10.1,0.28,0.46,1.8,0.05,5.0,13.0,0.9974,1663
12.1,0.4,0.52,2.0,0.092,15.0,54.0,1.0,1664
9.4,0.59,0.14,2.0,0.084,25.0,48.0,0.9981,1665
8.3,0.49,0.36,1.8,0.222,6.0,16.0,0.998,1666
11.3,0.34,0.45,2.0,0.082,6.0,15.0,0.9988,1667
10.0,0.73,0.43,2.3,0.059,15.0,31.0,0.9966,1668
11.3,0.34,0.45,2.0,0.082,6.0,15.0,0.9988,1669
6.9,0.4,0.24,2.5,0.083,30.0,45.0,0.9959,1670
8.2,0.73,0.21,1.7,0.074,5.0,13.0,0.9968,1671
9.8,1.24,0.34,2.0,0.079,32.0,151.0,0.998,1672
8.2,0.73,0.21,1.7,0.074,5.0,13.0,0.9968,1673
10.8,0.4,0.41,2.2,0.084,7.0,17.0,0.9984,1674
9.3,0.41,0.39,,0.064,12.0,31.0,0.9984,1675
10.8,0.4,0.41,2.2,0.084,7.0,17.0,0.9984,1676
8.6,0.8,0.11,2.3,0.084,12.0,31.0,0.9979,1677
8.3,0.78,0.1,2.6,0.081,45.0,87.0,0.9983,1678
10.8,0.26,0.45,3.3,0.06,20.0,49.0,0.9972,1679
13.3,0.43,0.58,1.9,0.07,15.0,40.0,1.0004,1680
8.0,0.45,0.23,2.2,0.094,16.0,29.0,0.9962,1681
8.5,0.46,0.31,2.25,0.078,32.0,58.0,0.998,1682
8.1,0.78,0.23,2.6,0.059,5.0,15.0,0.997,1683
9.8,0.98,0.32,2.3,0.078,35.0,152.0,0.998,1684
8.1,0.78,0.23,2.6,0.059,5.0,15.0,0.997,1685
7.1,0.65,0.18,,0.07,13.0,40.0,0.997,1686
9.1,0.64,0.23,3.1,0.095,13.0,38.0,0.9998,1687
7.7,0.66,0.04,1.6,0.039,4.0,9.0,0.9962,1688
8.1,0.38,0.48,1.8,0.157,5.0,17.0,0.9976,1689
7.4,1.185,0.0,4.25,0.097,5.0,14.0,0.9966,1690
9.2,0.92,0.24,2.6,0.087,12.0,93.0,0.9998,1691
8.6,0.49,0.51,2.0,0.422,16.0,62.0,0.9979,1692
9.0,0.48,0.32,2.8,0.084,21.0,122.0,0.9984,1693
9.0,0.47,0.31,2.7,0.084,24.0,125.0,0.9984,1694
5.1,0.47,0.02,1.3,0.034,18.0,44.0,0.9921,1695
7.0,0.65,0.02,2.1,0.066,8.0,25.0,0.9972,1696
7.0,0.65,0.02,2.1,0.066,8.0,25.0,0.9972,1697
9.4,0.615,0.28,,0.087,18.0,72.0,1.0001,1698
11.8,0.38,0.55,2.1,0.071,5.0,19.0,0.9986,1699
10.6,1.02,0.43,2.9,0.076,26.0,88.0,0.9984,1700
7.0,0.65,0.02,2.1,0.066,8.0,25.0,0.9972,1701
7.0,0.64,0.02,2.1,0.067,9.0,23.0,0.997,1702
7.5,0.38,0.48,2.6,0.073,22.0,84.0,0.9972,1703
9.1,0.765,0.04,1.6,0.078,4.0,14.0,0.998,1704
8.4,1.035,0.15,6.0,0.073,11.0,54.0,0.999,1705
7.0,0.78,0.08,2.0,0.093,10.0,19.0,0.9956,1706
7.4,0.49,0.19,3.0,0.077,16.0,37.0,0.9966,1707
7.8,0.545,0.12,2.5,0.068,11.0,35.0,0.996,1708
9.7,0.31,0.47,1.6,0.062,13.0,33.0,0.9983,1709
10.6,1.025,0.43,2.8,0.08,21.0,84.0,0.9985,1710
8.9,0.565,0.34,3.0,0.093,16.0,112.0,0.9998,1711
8.7,0.69,0.0,3.2,0.084,13.0,33.0,0.9992,1712
8.0,0.43,0.36,2.3,0.075,10.0,48.0,0.9976,1713
9.9,0.74,0.28,2.6,0.078,21.0,77.0,0.998,1714
7.2,0.49,0.18,2.7,0.069,13.0,34.0,0.9967,1715
8.0,0.43,0.36,2.3,0.075,10.0,48.0,0.9976,1716
7.6,0.46,0.11,2.6,0.079,12.0,49.0,0.9968,1717
8.4,0.56,0.04,2.0,0.082,10.0,22.0,0.9976,1718
7.1,0.66,0.0,3.9,0.086,17.0,45.0,0.9976,1719
8.4,0.56,0.04,2.0,0.082,10.0,22.0,0.9976,1720
8.9,0.48,0.24,2.85,0.094,35.0,106.0,0.9982,1721
7.6,0.42,0.08,2.7,0.084,15.0,48.0,0.9968,1722
7.1,0.31,0.3,2.2,0.053,36.0,127.0,0.9965,1723
7.5,1.115,0.1,3.1,0.086,5.0,12.0,0.9958,1724
9.0,0.66,0.17,3.0,0.077,5.0,13.0,0.9976,1725
8.1,0.72,0.09,2.8,0.084,18.0,49.0,0.9994,1726
6.4,0.57,0.02,1.8,0.067,4.0,11.0,0.997,1727
6.4,0.57,0.02,1.8,0.067,4.0,11.0,0.997,1728
6.4,0.865,0.03,3.2,0.071,27.0,58.0,0.995,1729
9.5,0.55,0.66,2.3,0.387,12.0,37.0,0.9982,1730
8.9,0.875,0.13,3.45,0.088,4.0,14.0,0.9994,1731
7.3,0.835,0.03,2.1,0.092,10.0,19.0,0.9966,1732
7.0,0.45,0.34,2.7,0.082,16.0,72.0,0.998,1733
7.7,0.56,0.2,2.0,0.075,9.0,39.0,0.9987,1734
7.7,0.965,0.1,2.1,0.112,11.0,22.0,0.9963,1735
7.7,0.965,0.1,2.1,0.112,11.0,22.0,0.9963,1736
8.2,0.59,0.0,2.5,0.093,19.0,58.0,1.0002,1737
9.0,0.46,0.23,2.8,0.092,28.0,104.0,0.9983,1738
9.0,0.69,0.0,2.4,0.088,19.0,38.0,0.999,1739
8.3,0.76,0.29,4.2,0.075,12.0,16.0,0.9965,1740
9.2,0.53,0.24,2.6,0.078,28.0,139.0,0.99788,1741
6.5,0.615,0.0,1.9,0.065,9.0,18.0,0.9972,1742
11.6,0.41,0.58,2.8,0.096,25.0,101.0,1.00024,1743
11.1,0.39,0.54,2.7,0.095,21.0,101.0,1.0001,1744
7.3,0.51,0.18,2.1,0.07,12.0,28.0,0.99768,1745
8.2,0.34,0.38,2.5,0.08,12.0,57.0,0.9978,1746
8.6,0.33,0.4,2.6,0.083,16.0,68.0,0.99782,1747
7.2,0.5,0.18,2.1,0.071,12.0,31.0,0.99761,1748
7.3,0.51,0.18,2.1,0.07,12.0,28.0,0.99768,1749
8.3,0.65,0.1,2.9,0.089,17.0,40.0,0.99803,1750
8.3,0.65,0.1,2.9,0.089,17.0,40.0,0.99803,1751
7.6,0.54,0.13,2.5,0.097,24.0,66.0,0.99785,1752
8.3,0.65,0.1,2.9,0.089,17.0,40.0,0.99803,1753
7.8,0.48,0.68,1.7,0.415,14.0,32.0,0.99656,1754
7.8,0.91,0.07,1.9,0.058,22.0,47.0,0.99525,1755
6.3,0.98,0.01,2.0,0.057,15.0,33.0,0.99488,1756
8.1,0.87,0.0,2.2,0.084,10.0,31.0,0.99656,1757
8.1,0.87,0.0,2.2,0.084,10.0,31.0,0.99656,1758
8.8,0.42,0.21,2.5,0.092,33.0,88.0,0.99823,1759
9.0,0.58,0.25,2.8,0.075,9.0,104.0,0.99779,1760
9.3,0.655,0.26,2.0,0.096,5.0,35.0,0.99738,1761
8.8,0.7,0.0,1.7,0.069,8.0,19.0,0.99701,1762
9.3,0.655,0.26,2.0,0.096,5.0,35.0,0.99738,1763
9.1,0.68,0.11,2.8,0.093,11.0,44.0,0.99888,1764
9.2,0.67,0.1,3.0,0.091,12.0,48.0,0.99888,1765
8.8,0.59,0.18,2.9,0.089,12.0,74.0,0.99738,1766
7.5,0.6,0.32,2.7,0.103,13.0,98.0,0.99938,1767
7.1,0.59,0.02,2.3,0.082,24.0,94.0,0.99744,1768
7.9,0.72,0.01,1.9,0.076,7.0,32.0,0.99668,1769
7.1,0.59,0.02,2.3,0.082,24.0,94.0,0.99744,1770
9.4,0.685,0.26,2.4,0.082,23.0,143.0,0.9978,1771
9.5,0.57,0.27,2.3,0.082,23.0,144.0,0.99782,1772
7.9,0.4,0.29,1.8,0.157,1.0,44.0,0.9973,1773
7.9,0.4,0.3,1.8,0.157,2.0,45.0,0.99727,1774
7.2,1.0,0.0,3.0,0.102,7.0,16.0,0.99586,1775
6.9,0.765,0.18,2.4,0.243,5.5,48.0,0.99612,1776
6.9,0.635,0.17,2.4,0.241,6.0,18.0,0.9961,1777
8.3,0.43,0.3,3.4,0.079,7.0,34.0,0.99788,1778
7.1,0.52,0.03,2.6,0.076,21.0,92.0,0.99745,1779
7.0,0.57,0.0,2.0,0.19,12.0,45.0,0.99676,1780
6.5,0.46,0.14,2.4,0.114,9.0,37.0,0.99732,1781
9.0,0.82,0.05,2.4,0.081,26.0,96.0,0.99814,1782
6.5,0.46,0.14,2.4,0.114,9.0,37.0,0.99732,1783
7.1,0.59,0.01,2.5,0.077,20.0,85.0,0.99746,1784
9.9,0.35,0.41,2.3,0.083,11.0,61.0,0.9982,1785
9.9,0.35,0.41,2.3,0.083,11.0,61.0,0.9982,1786
10.0,0.56,0.24,2.2,0.079,19.0,58.0,0.9991,1787
10.0,0.56,0.24,2.2,0.079,19.0,58.0,0.9991,1788
8.6,0.63,0.17,2.9,0.099,21.0,119.0,0.998,1789
7.4,0.37,0.43,2.6,0.082,18.0,82.0,0.99708,1790
8.8,0.64,0.17,2.9,0.084,25.0,130.0,0.99818,1791
7.1,0.61,0.02,2.5,0.081,17.0,87.0,0.99745,1792
7.7,0.6,0.0,,0.055,7.0,13.0,0.99639,1793
10.1,0.27,0.54,2.3,0.065,7.0,26.0,0.99531,1794
10.8,0.89,0.3,2.6,0.132,7.0,60.0,0.99786,1795
8.7,0.46,0.31,2.5,0.126,24.0,64.0,0.99746,1796
9.3,0.37,0.44,1.6,0.038,21.0,42.0,0.99526,1797
9.4,0.5,0.34,3.6,0.082,5.0,14.0,0.9987,1798
9.4,0.5,0.34,3.6,0.082,5.0,14.0,0.9987,1799
7.2,0.61,0.08,4.0,0.082,26.0,108.0,0.99641,1800
8.6,0.55,0.09,3.3,0.068,8.0,17.0,0.99735,1801
5.1,0.585,0.0,1.7,0.044,14.0,86.0,0.99264,1802
7.7,0.56,0.08,2.5,0.114,14.0,46.0,0.9971,1803
8.4,0.52,0.22,2.7,0.084,4.0,18.0,0.99682,1804
8.2,0.28,0.4,2.4,0.052,4.0,10.0,0.99356,1805
8.4,0.25,0.39,2.0,0.041,4.0,10.0,0.99386,1806
8.2,0.28,0.4,2.4,0.052,4.0,10.0,0.99356,1807
7.4,0.53,0.12,1.9,0.165,4.0,12.0,0.99702,1808
7.6,0.48,0.31,2.8,0.07,4.0,15.0,0.99693,1809
7.3,0.49,0.1,2.6,0.068,4.0,14.0,0.99562,1810
12.9,0.5,0.55,2.8,0.072,7.0,24.0,1.00012,1811
10.8,0.45,0.33,2.5,0.099,20.0,38.0,0.99818,1812
6.9,0.39,0.24,2.1,0.102,4.0,7.0,0.99462,1813
12.6,0.41,0.54,2.8,0.103,19.0,41.0,0.99939,1814
10.8,0.45,0.33,2.5,0.099,20.0,38.0,0.99818,1815
9.8,0.51,0.19,3.2,0.081,8.0,30.0,0.9984,1816
10.8,0.29,0.42,1.6,0.084,19.0,27.0,0.99545,1817
7.1,0.715,0.0,,0.071,21.0,47.0,0.99632,1818
9.1,0.66,0.15,3.2,0.097,9.0,59.0,0.99976,1819
7.0,0.685,0.0,1.9,0.099,9.0,22.0,0.99606,1820
4.9,0.42,0.0,2.1,0.048,16.0,42.0,0.99154,1821
6.7,0.54,0.13,2.0,0.076,15.0,36.0,0.9973,1822
6.7,0.54,0.13,2.0,0.076,15.0,36.0,0.9973,1823
7.1,0.48,0.28,2.8,0.068,6.0,16.0,0.99682,1824
7.1,0.46,0.14,2.8,0.076,15.0,37.0,0.99624,1825
7.5,0.27,0.34,2.3,0.05,4.0,8.0,0.9951,1826
7.1,0.46,0.14,2.8,0.076,15.0,37.0,0.99624,1827
7.8,0.57,0.09,2.3,0.065,34.0,45.0,0.99417,1828
5.9,0.61,0.08,2.1,0.071,16.0,24.0,0.99376,1829
7.5,0.685,0.07,2.5,0.058,5.0,9.0,0.99632,1830
5.9,0.61,0.08,2.1,0.071,16.0,24.0,0.99376,1831
10.4,0.44,0.42,,0.145,34.0,48.0,0.99832,1832
11.6,0.47,0.44,1.6,0.147,36.0,51.0,0.99836,1833
8.8,0.685,0.26,1.6,0.088,16.0,23.0,0.99694,1834
7.6,0.665,0.1,1.5,0.066,27.0,55.0,0.99655,1835
6.7,0.28,0.28,2.4,0.012,36.0,100.0,0.99064,1836
6.7,0.28,0.28,2.4,0.012,36.0,100.0,0.99064,1837
10.1,0.31,0.35,1.6,0.075,9.0,28.0,0.99672,1838
6.0,0.5,0.04,2.2,0.092,13.0,26.0,0.99647,1839
11.1,0.42,0.47,2.65,0.085,9.0,34.0,0.99736,1840
6.6,0.66,0.0,3.0,0.115,21.0,31.0,0.99629,1841
10.6,0.5,0.45,2.6,0.119,34.0,68.0,0.99708,1842
7.1,0.685,0.35,2.0,0.088,9.0,92.0,0.9963,1843
9.9,0.25,0.46,1.7,0.062,26.0,42.0,0.9959,1844
6.4,0.64,0.21,1.8,0.081,14.0,31.0,0.99689,1845
6.4,0.64,0.21,1.8,0.081,14.0,31.0,0.99689,1846
7.4,0.68,0.16,1.8,0.078,12.0,39.0,0.9977,1847
6.4,0.64,0.21,1.8,0.081,14.0,31.0,0.99689,1848
6.4,0.63,0.21,1.6,0.08,12.0,32.0,0.99689,1849
9.3,0.43,0.44,1.9,0.085,9.0,22.0,0.99708,1850
9.3,0.43,0.44,1.9,0.085,9.0,22.0,0.99708,1851
8.0,0.42,0.32,2.5,0.08,26.0,122.0,0.99801,1852
9.3,0.36,0.39,1.5,0.08,41.0,55.0,0.99652,1853
9.3,0.36,0.39,1.5,0.08,41.0,55.0,0.99652,1854
7.6,0.735,0.02,2.5,0.071,10.0,14.0,0.99538,1855
9.3,0.36,0.39,1.5,0.08,41.0,55.0,0.99652,1856
8.2,0.26,0.34,2.5,0.073,16.0,47.0,0.99594,1857
11.7,0.28,0.47,1.7,0.054,17.0,32.0,0.99686,1858
6.8,0.56,0.22,1.8,0.074,15.0,24.0,0.99438,1859
7.2,0.62,0.06,2.7,0.077,15.0,85.0,0.99746,1860
5.8,1.01,0.66,2.0,0.039,15.0,88.0,0.99357,1861
7.5,0.42,0.32,2.7,0.067,7.0,25.0,0.99628,1862
7.2,0.62,0.06,2.5,0.078,17.0,84.0,0.99746,1863
7.2,0.62,0.06,2.7,0.077,15.0,85.0,0.99746,1864
7.2,0.635,0.07,2.6,0.077,16.0,86.0,0.99748,1865
6.8,0.49,0.22,2.3,0.071,13.0,24.0,0.99438,1866
6.9,0.51,0.23,2.0,0.072,13.0,22.0,0.99438,1867
6.8,0.56,0.22,1.8,0.074,15.0,24.0,0.99438,1868
7.6,0.63,0.03,2.0,0.08,27.0,43.0,0.99578,1869
7.7,0.715,0.01,2.1,0.064,31.0,43.0,0.99371,1870
6.9,0.56,0.03,1.5,0.086,36.0,46.0,0.99522,1871
7.3,0.35,0.24,2.0,0.067,28.0,48.0,0.99576,1872
9.1,0.21,0.37,1.6,0.067,6.0,10.0,0.99552,1873
10.4,0.38,0.46,2.1,0.104,6.0,10.0,0.99664,1874
8.8,0.31,0.4,2.8,0.109,7.0,16.0,0.99614,1875
7.1,0.47,0.0,2.2,0.067,7.0,14.0,0.99517,1876
7.7,0.715,0.01,2.1,0.064,31.0,43.0,0.99371,1877
8.8,0.61,0.19,4.0,0.094,30.0,69.0,0.99787,1878
7.2,0.6,0.04,2.5,0.076,18.0,88.0,0.99745,1879
9.2,0.56,0.18,1.6,0.078,10.0,21.0,0.99576,1880
7.6,0.715,0.0,2.1,0.068,30.0,35.0,0.99533,1881
8.4,0.31,0.29,3.1,0.194,14.0,26.0,0.99536,1882
7.2,0.6,0.04,2.5,0.076,18.0,88.0,0.99745,1883
8.8,0.61,0.19,4.0,0.094,30.0,69.0,0.99787,1884
8.9,0.75,0.14,2.5,0.086,9.0,30.0,0.99824,1885
9.0,0.8,0.12,2.4,0.083,8.0,28.0,0.99836,1886
10.7,0.52,0.38,2.6,0.066,29.0,56.0,0.99577,1887
6.8,0.57,0.0,2.5,0.072,32.0,64.0,0.99491,1888
10.7,0.9,0.34,6.6,0.112,23.0,99.0,1.00289,1889
7.2,0.34,0.24,2.0,0.071,30.0,52.0,0.99576,1890
7.2,0.66,0.03,2.3,0.078,16.0,86.0,0.99743,1891
10.1,0.45,0.23,1.9,0.082,10.0,18.0,0.99774,1892
7.2,0.66,0.03,2.3,0.078,16.0,86.0,0.99743,1893
7.2,0.63,0.03,2.2,0.08,17.0,88.0,0.99745,1894
7.1,0.59,0.01,2.3,0.08,27.0,43.0,0.9955,1895
8.3,0.31,0.39,2.4,0.078,17.0,43.0,0.99444,1896
7.1,0.59,0.01,2.3,0.08,27.0,43.0,0.9955,1897
8.3,0.31,0.39,2.4,0.078,17.0,43.0,0.99444,1898
8.3,1.02,0.02,3.4,0.084,6.0,11.0,0.99892,1899
8.9,0.31,0.36,2.6,0.056,10.0,39.0,0.99562,1900
7.4,0.635,0.1,2.4,0.08,16.0,33.0,0.99736,1901
7.4,0.635,0.1,2.4,0.08,16.0,33.0,0.99736,1902
6.8,0.59,0.06,6.0,0.06,11.0,18.0,0.9962,1903
6.8,0.59,0.06,6.0,0.06,11.0,18.0,0.9962,1904
9.2,0.58,0.2,3.0,0.081,15.0,115.0,0.998,1905
7.2,0.54,0.27,2.6,0.084,12.0,78.0,0.9964,1906
6.1,0.56,0.0,2.2,0.079,6.0,9.0,0.9948,1907
7.4,0.52,0.13,2.4,0.078,34.0,61.0,0.99528,1908
7.3,0.305,0.39,1.2,0.059,7.0,11.0,0.99331,1909
9.3,0.38,0.48,3.8,0.132,3.0,11.0,0.99577,1910
9.1,0.28,0.46,9.0,0.114,3.0,9.0,0.99901,1911
10.0,0.46,0.44,2.9,0.065,4.0,8.0,0.99674,1912
9.4,0.395,0.46,4.6,0.094,3.0,10.0,0.99639,1913
7.3,0.305,0.39,1.2,0.059,7.0,11.0,0.99331,1914
8.6,0.315,0.4,2.2,0.079,3.0,6.0,0.99512,1915
5.3,0.715,0.19,1.5,0.161,7.0,62.0,0.99395,1916
6.8,0.41,0.31,8.8,0.084,26.0,45.0,0.99824,1917
8.4,0.36,0.32,2.2,0.081,32.0,79.0,0.9964,1918
8.4,0.62,0.12,1.8,0.072,38.0,46.0,0.99504,1919
9.6,0.41,0.37,2.3,0.091,10.0,23.0,0.99786,1920
8.4,0.36,0.32,2.2,0.081,32.0,79.0,0.9964,1921
8.4,0.62,0.12,1.8,0.072,38.0,46.0,0.99504,1922
6.8,0.41,0.31,8.8,0.084,26.0,45.0,0.99824,1923
8.6,0.47,0.27,2.3,0.055,14.0,28.0,0.99516,1924
8.6,0.22,0.36,1.9,0.064,53.0,77.0,0.99604,1925
9.4,0.24,0.33,2.3,0.061,52.0,73.0,0.99786,1926
8.4,0.67,0.19,2.2,0.093,11.0,75.0,0.99736,1927
8.6,0.47,0.27,2.3,0.055,14.0,28.0,0.99516,1928
8.7,0.33,0.38,3.3,0.063,10.0,19.0,0.99468,1929
6.6,0.61,0.01,1.9,0.08,8.0,25.0,0.99746,1930
7.4,0.61,0.01,2.0,0.074,13.0,38.0,0.99748,1931
7.6,0.4,0.29,1.9,0.078,29.0,66.0,0.9971,1932
7.4,0.61,0.01,2.0,0.074,13.0,38.0,0.99748,1933
6.6,0.61,0.01,1.9,0.08,8.0,25.0,0.99746,1934
8.8,0.3,0.38,2.3,0.06,19.0,72.0,0.99543,1935
8.8,0.3,0.38,2.3,0.06,19.0,72.0,0.99543,1936
12.0,0.63,0.5,1.4,0.071,6.0,26.0,0.99791,1937
7.2,0.38,0.38,2.8,0.068,23.0,42.0,0.99356,1938
6.2,0.46,0.17,1.6,0.073,7.0,11.0,0.99425,1939
9.6,0.33,0.52,2.2,0.074,13.0,25.0,0.99509,1940
9.9,0.27,0.49,5.0,0.082,9.0,17.0,0.99484,1941
10.1,0.43,0.4,2.6,0.092,13.0,52.0,0.99834,1942
9.8,0.5,0.34,2.3,0.094,10.0,45.0,0.99864,1943
8.3,0.3,0.49,3.8,0.09,11.0,24.0,0.99498,1944
10.2,0.44,0.42,2.0,0.071,7.0,20.0,0.99566,1945
10.2,0.44,0.58,4.1,0.092,11.0,24.0,0.99745,1946
8.3,0.28,0.48,2.1,0.093,6.0,12.0,0.99408,1947
8.9,0.12,0.45,1.8,0.075,10.0,21.0,0.99552,1948
8.9,0.12,0.45,1.8,0.075,10.0,21.0,0.99552,1949
8.9,0.12,0.45,1.8,0.075,10.0,21.0,0.99552,1950
8.3,0.28,0.48,2.1,0.093,6.0,12.0,0.99408,1951
8.2,0.31,0.4,2.2,0.058,6.0,10.0,0.99536,1952
10.2,0.34,0.48,2.1,0.052,5.0,9.0,0.99458,1953
7.6,0.43,0.4,2.7,0.082,6.0,11.0,0.99538,1954
8.5,0.21,0.52,1.9,0.09,9.0,23.0,0.99648,1955
9.0,0.36,0.52,2.1,0.111,5.0,10.0,0.99568,1956
9.5,0.37,0.52,2.0,0.088,12.0,51.0,0.99613,1957
6.4,0.57,0.12,2.3,0.12,25.0,36.0,0.99519,1958
8.0,0.59,0.05,2.0,0.089,12.0,32.0,0.99735,1959
8.5,0.47,0.27,1.9,0.058,18.0,38.0,0.99518,1960
7.1,0.56,0.14,1.6,0.078,7.0,18.0,0.99592,1961
6.6,0.57,0.02,2.1,0.115,6.0,16.0,0.99654,1962
8.8,0.27,0.39,2.0,0.1,20.0,27.0,0.99546,1963
8.5,0.47,0.27,1.9,0.058,18.0,38.0,0.99518,1964
8.3,0.34,0.4,2.4,0.065,24.0,48.0,0.99554,1965
9.0,0.38,0.41,2.4,0.103,6.0,10.0,0.99604,1966
8.5,0.66,0.2,2.1,0.097,23.0,113.0,0.99733,1967
9.0,0.4,0.43,2.4,0.068,29.0,46.0,0.9943,1968
6.7,0.56,0.09,2.9,0.079,7.0,22.0,0.99669,1969
10.4,0.26,0.48,1.9,0.066,6.0,10.0,0.99724,1970
10.4,0.26,0.48,1.9,0.066,6.0,10.0,0.99724,1971
10.1,0.38,0.5,2.4,0.104,6.0,13.0,0.99643,1972
8.5,0.34,0.44,1.7,0.079,6.0,12.0,0.99605,1973
8.8,0.33,0.41,5.9,0.073,7.0,13.0,0.99658,1974
7.2,0.41,0.3,2.1,0.083,35.0,72.0,0.997,1975
7.2,0.41,0.3,2.1,0.083,35.0,72.0,0.997,1976
8.4,0.59,0.29,2.6,0.109,31.0,119.0,0.99801,1977
7.0,0.4,0.32,3.6,0.061,9.0,29.0,0.99416,1978
12.2,0.45,0.49,1.4,0.075,3.0,6.0,0.9969,1979
9.1,0.5,0.3,1.9,0.065,8.0,17.0,0.99774,1980
9.5,0.86,0.26,1.9,0.079,13.0,28.0,0.99712,1981
7.3,0.52,0.32,2.1,0.07,51.0,70.0,0.99418,1982
9.1,0.5,0.3,1.9,0.065,8.0,17.0,0.99774,1983
12.2,0.45,0.49,1.4,0.075,3.0,6.0,0.9969,1984
7.4,0.58,0.0,2.0,0.064,7.0,11.0,0.99562,1985
9.8,0.34,0.39,1.4,0.066,3.0,7.0,0.9947,1986
7.1,0.36,0.3,1.6,0.08,35.0,70.0,0.99693,1987
7.7,0.39,0.12,,0.097,19.0,27.0,0.99596,1988
9.7,0.295,0.4,1.5,0.073,14.0,21.0,0.99556,1989
7.7,0.39,0.12,1.7,0.097,19.0,27.0,0.99596,1990
7.1,0.34,0.28,2.0,0.082,31.0,68.0,0.99694,1991
6.5,0.4,0.1,2.0,0.076,30.0,47.0,0.99554,1992
7.1,0.34,0.28,2.0,0.082,31.0,68.0,0.99694,1993
10.0,0.35,0.45,2.5,0.092,20.0,88.0,0.99918,1994
7.7,0.6,0.06,2.0,0.079,19.0,41.0,0.99697,1995
5.6,0.66,0.0,2.2,0.087,3.0,11.0,0.99378,1996
5.6,0.66,0.0,2.2,0.087,3.0,11.0,0.99378,1997
8.9,0.84,0.34,1.4,0.05,4.0,10.0,0.99554,1998
6.4,0.69,0.0,1.65,0.055,7.0,12.0,0.99162,1999
7.5,0.43,0.3,2.2,0.062,6.0,12.0,0.99495,2000
9.9,0.35,0.38,1.5,0.058,31.0,47.0,0.99676,2001
9.1,0.29,0.33,2.05,0.063,13.0,27.0,0.99516,2002
6.8,0.36,0.32,1.8,0.067,4.0,8.0,0.9928,2003
8.2,0.43,0.29,1.6,0.081,27.0,45.0,0.99603,2004
6.8,0.36,0.32,1.8,0.067,4.0,8.0,0.9928,2005
9.1,0.29,0.33,2.05,0.063,13.0,27.0,0.99516,2006
9.1,0.3,0.34,2.0,0.064,12.0,25.0,0.99516,2007
8.9,0.35,0.4,3.6,0.11,12.0,24.0,0.99549,2008
9.6,0.5,0.36,2.8,0.116,26.0,55.0,0.99722,2009
8.9,0.28,0.45,1.7,0.067,7.0,12.0,0.99354,2010
8.9,0.32,0.31,2.0,0.088,12.0,19.0,0.9957,2011
7.7,1.005,0.15,2.1,0.102,11.0,32.0,0.99604,2012
7.5,0.71,0.0,1.6,0.092,22.0,31.0,0.99635,2013
8.0,0.58,0.16,2.0,0.12,3.0,7.0,0.99454,2014
10.5,0.39,0.46,2.2,0.075,14.0,27.0,0.99598,2015
8.9,0.38,0.4,2.2,0.068,12.0,28.0,0.99486,2016
8.0,0.18,0.37,,0.049,36.0,109.0,0.99007,2017
8.0,0.18,0.37,0.9,0.049,36.0,109.0,0.99007,2018
7.0,0.5,0.14,1.8,0.078,10.0,23.0,0.99636,2019
11.3,0.36,0.66,2.4,0.123,3.0,8.0,0.99642,2020
11.3,0.36,0.66,2.4,0.123,3.0,8.0,0.99642,2021
7.0,0.51,0.09,2.1,0.062,4.0,9.0,0.99584,2022
8.2,0.32,0.42,2.3,0.098,3.0,9.0,0.99506,2023
7.7,0.58,0.01,1.8,0.088,12.0,18.0,0.99568,2024
8.6,0.83,0.0,2.8,0.095,17.0,43.0,0.99822,2025
7.9,0.31,0.32,1.9,0.066,14.0,36.0,0.99364,2026
6.4,0.795,0.0,2.2,0.065,28.0,52.0,0.99378,2027
7.2,0.34,0.21,2.5,0.075,41.0,68.0,0.99586,2028
7.7,0.58,0.01,1.8,0.088,12.0,18.0,0.99568,2029
7.1,0.59,0.0,2.1,0.091,9.0,14.0,0.99488,2030
7.3,0.55,0.01,1.8,0.093,9.0,15.0,0.99514,2031
8.1,0.82,0.0,4.1,0.095,5.0,14.0,0.99854,2032
7.5,0.57,0.08,2.6,0.089,14.0,27.0,0.99592,2033
8.9,0.745,0.18,2.5,0.077,15.0,48.0,0.99739,2034
10.1,0.37,0.34,2.4,0.085,5.0,17.0,0.99683,2035
7.6,0.31,0.34,2.5,0.082,26.0,35.0,0.99356,2036
7.3,0.91,0.1,1.8,0.074,20.0,56.0,0.99672,2037
8.7,0.41,0.41,6.2,0.078,25.0,42.0,0.9953,2038
8.9,0.5,0.21,2.2,0.088,21.0,39.0,0.99692,2039
7.4,0.965,0.0,2.2,0.088,16.0,32.0,0.99756,2040
6.9,0.49,0.19,1.7,0.079,13.0,26.0,0.99547,2041
8.9,0.5,0.21,2.2,0.088,21.0,39.0,0.99692,2042
9.5,0.39,0.41,8.9,0.069,18.0,39.0,0.99859,2043
6.4,0.39,0.33,3.3,0.046,12.0,53.0,0.99294,2044
6.9,0.44,0.0,1.4,0.07,32.0,38.0,0.99438,2045
7.6,0.78,0.0,1.7,0.076,33.0,45.0,0.99612,2046
7.1,0.43,0.17,1.8,0.082,27.0,51.0,0.99634,2047
9.3,0.49,0.36,1.7,0.081,3.0,14.0,0.99702,2048
9.3,0.5,0.36,1.8,0.084,6.0,17.0,0.99704,2049
7.1,0.43,0.17,1.8,0.082,27.0,51.0,0.99634,2050
8.5,0.46,0.59,1.4,0.414,16.0,45.0,0.99702,2051
5.6,0.605,0.05,2.4,0.073,19.0,25.0,0.99258,2052
8.3,0.33,0.42,,0.07,9.0,20.0,0.99426,2053
8.2,0.64,0.27,2.0,0.095,5.0,77.0,0.99747,2054
8.2,0.64,0.27,2.0,0.095,5.0,77.0,0.99747,2055
8.9,0.48,0.53,4.0,0.101,3.0,10.0,0.99586,2056
7.6,0.42,0.25,3.9,0.104,28.0,90.0,0.99784,2057
9.9,0.53,0.57,2.4,0.093,30.0,52.0,0.9971,2058
8.9,0.48,0.53,4.0,0.101,3.0,10.0,0.99586,2059
11.6,0.23,0.57,1.8,0.074,3.0,8.0,0.9981,2060
9.1,0.4,0.5,1.8,0.071,7.0,16.0,0.99462,2061
8.0,0.38,0.44,1.9,0.098,6.0,15.0,0.9956,2062
10.2,0.29,0.65,2.4,0.075,6.0,17.0,0.99565,2063
8.2,0.74,0.09,2.0,0.067,5.0,10.0,0.99418,2064
7.7,0.61,0.18,2.4,0.083,6.0,20.0,0.9963,2065
6.6,0.52,0.08,2.4,0.07,13.0,26.0,0.99358,2066
11.1,0.31,0.53,2.2,0.06,3.0,10.0,0.99572,2067
11.1,0.31,0.53,2.2,0.06,3.0,10.0,0.99572,2068
8.0,0.62,0.35,2.8,0.086,28.0,52.0,0.997,2069
9.3,0.33,0.45,1.5,0.057,19.0,37.0,0.99498,2070
7.5,0.77,0.2,8.1,0.098,30.0,92.0,0.99892,2071
7.2,0.35,0.26,1.8,0.083,33.0,75.0,0.9968,2072
8.0,0.62,0.33,2.7,0.088,16.0,37.0,0.9972,2073
7.5,0.77,0.2,8.1,0.098,30.0,92.0,0.99892,2074
9.1,0.25,0.34,2.0,0.071,45.0,67.0,0.99769,2075
9.9,0.32,0.56,2.0,0.073,3.0,8.0,0.99534,2076
8.6,0.37,0.65,6.4,0.08,3.0,8.0,0.99817,2077
8.6,0.37,0.65,6.4,0.08,3.0,8.0,0.99817,2078
7.9,0.3,0.68,8.3,0.05,37.5,278.0,0.99316,2079
10.3,0.27,0.56,1.4,0.047,3.0,8.0,0.99471,2080
7.9,0.3,0.68,8.3,0.05,37.5,289.0,0.99316,2081
7.2,0.38,0.3,1.8,0.073,31.0,70.0,0.99685,2082
8.7,0.42,0.45,2.4,0.072,32.0,59.0,0.99617,2083
7.2,0.38,0.3,1.8,0.073,31.0,70.0,0.99685,2084
6.8,0.48,0.08,1.8,0.074,40.0,64.0,0.99529,2085
8.5,0.34,0.4,4.7,0.055,3.0,9.0,0.99738,2086
7.9,0.19,0.42,1.6,0.057,18.0,30.0,0.994,2087
11.6,0.41,0.54,1.5,0.095,22.0,41.0,0.99735,2088
11.6,0.41,0.54,1.5,0.095,22.0,41.0,0.99735,2089
10.0,0.26,0.54,1.9,0.083,42.0,74.0,0.99451,2090
7.9,0.34,0.42,2.0,0.086,8.0,19.0,0.99546,2091
7.0,0.54,0.09,2.0,0.081,10.0,16.0,0.99479,2092
9.2,0.31,0.36,2.2,0.079,11.0,31.0,0.99615,2093
6.6,0.725,0.09,5.5,0.117,9.0,17.0,0.99655,2094
9.4,0.4,0.47,2.5,0.087,6.0,20.0,0.99772,2095
6.6,0.725,0.09,5.5,0.117,9.0,17.0,0.99655,2096
8.6,0.52,0.38,1.5,0.096,5.0,18.0,0.99666,2097
8.0,0.31,0.45,2.1,0.216,5.0,16.0,0.99358,2098
8.6,0.52,0.38,1.5,0.096,5.0,18.0,0.99666,2099
8.4,0.34,0.42,,0.072,23.0,36.0,0.99392,2100
7.4,0.49,0.27,2.1,0.071,14.0,25.0,0.99388,2101
6.1,0.48,0.09,1.7,0.078,18.0,30.0,0.99402,2102
7.4,0.49,0.27,2.1,0.071,14.0,25.0,0.99388,2103
8.0,0.48,0.34,2.2,0.073,16.0,25.0,0.9936,2104
6.3,0.57,0.28,2.1,0.048,13.0,49.0,0.99374,2105
8.2,0.23,0.42,1.9,0.069,9.0,17.0,0.99376,2106
9.1,0.3,0.41,2.0,0.068,10.0,24.0,0.99523,2107
8.1,0.78,0.1,3.3,0.09,4.0,13.0,0.99855,2108
10.8,0.47,0.43,2.1,0.171,27.0,66.0,0.9982,2109
8.3,0.53,0.0,1.4,0.07,6.0,14.0,0.99593,2110
5.4,0.42,0.27,2.0,0.092,23.0,55.0,0.99471,2111
7.9,0.33,0.41,1.5,0.056,6.0,35.0,0.99396,2112
8.9,0.24,0.39,1.6,0.074,3.0,10.0,0.99698,2113
5.0,0.4,0.5,4.3,0.046,29.0,80.0,0.9902,2114
7.0,0.69,0.07,2.5,0.091,15.0,21.0,0.99572,2115
7.0,0.69,0.07,2.5,0.091,15.0,21.0,0.99572,2116
7.0,0.69,0.07,2.5,0.091,15.0,21.0,0.99572,2117
7.1,0.39,0.12,,0.065,14.0,24.0,0.99252,2118
5.6,0.66,0.0,2.5,0.066,7.0,15.0,0.99256,2119
7.9,0.54,0.34,2.5,0.076,8.0,17.0,0.99235,2120
6.6,0.5,0.0,1.8,0.062,21.0,28.0,0.99352,2121
6.3,0.47,0.0,1.4,0.055,27.0,33.0,0.9922,2122
10.7,0.4,0.37,1.9,0.081,17.0,29.0,0.99674,2123
6.5,0.58,0.0,2.2,0.096,3.0,13.0,0.99557,2124
8.8,0.24,0.35,1.7,0.055,13.0,27.0,0.99394,2125
5.8,0.29,0.26,1.7,0.063,3.0,11.0,0.9915,2126
6.3,0.76,0.0,2.9,0.072,26.0,52.0,0.99379,2127
10.0,0.43,0.33,2.7,0.095,28.0,89.0,0.9984,2128
10.5,0.43,0.35,3.3,0.092,24.0,70.0,0.99798,2129
9.1,0.6,0.0,1.9,0.058,5.0,10.0,0.9977,2130
5.9,0.19,0.21,1.7,0.045,57.0,135.0,0.99341,2131
7.4,0.36,0.34,1.8,0.075,18.0,38.0,0.9933,2132
7.2,0.48,0.07,5.5,0.089,10.0,18.0,0.99684,2133
8.5,0.28,0.35,1.7,0.061,6.0,15.0,0.99524,2134
8.0,0.25,0.43,1.7,0.067,22.0,50.0,0.9946,2135
10.4,0.52,0.45,2.0,0.08,6.0,13.0,0.99774,2136
10.4,0.52,0.45,2.0,0.08,6.0,13.0,0.99774,2137
7.5,0.41,0.15,3.7,0.104,29.0,94.0,0.99786,2138
8.2,0.51,0.24,2.0,0.079,16.0,86.0,0.99764,2139
7.3,0.4,0.3,1.7,0.08,33.0,79.0,0.9969,2140
8.2,0.38,0.32,,0.08,24.0,71.0,0.99624,2141
6.9,0.45,0.11,2.4,0.043,6.0,12.0,0.99354,2142
7.0,0.22,0.3,1.8,0.065,16.0,20.0,0.99672,2143
7.3,0.32,0.23,2.3,0.066,35.0,70.0,0.99588,2144
8.2,0.2,0.43,2.5,0.076,31.0,51.0,0.99672,2145
7.8,0.5,0.12,1.8,0.178,6.0,21.0,0.996,2146
10.0,0.41,0.45,6.2,0.071,6.0,14.0,0.99702,2147
7.8,0.39,0.42,2.0,0.086,9.0,21.0,0.99526,2148
10.0,0.35,0.47,2.0,0.061,6.0,11.0,0.99585,2149
8.2,0.33,0.32,2.8,0.067,4.0,12.0,0.99473,2150
6.1,0.58,0.23,2.5,0.044,16.0,70.0,0.99352,2151
8.3,0.6,0.25,2.2,0.118,9.0,38.0,0.99616,2152
9.6,0.42,0.35,2.1,0.083,17.0,38.0,0.99622,2153
6.6,0.58,0.0,2.2,0.1,50.0,63.0,0.99544,2154
8.3,0.6,0.25,2.2,0.118,9.0,38.0,0.99616,2155
8.5,0.18,0.51,1.75,0.071,45.0,88.0,0.99524,2156
5.1,0.51,0.18,2.1,0.042,16.0,101.0,0.9924,2157
6.7,0.41,0.43,2.8,0.076,22.0,54.0,0.99572,2158
10.2,0.41,0.43,2.2,0.11,11.0,37.0,0.99728,2159
10.6,0.36,0.57,2.3,0.087,6.0,20.0,0.99676,2160
8.8,0.45,0.43,1.4,0.076,12.0,21.0,0.99551,2161
8.5,0.32,0.42,2.3,0.075,12.0,19.0,0.99434,2162
9.0,0.785,0.24,1.7,0.078,10.0,21.0,0.99692,2163
9.0,0.785,0.24,1.7,0.078,10.0,21.0,0.99692,2164
8.5,0.44,0.5,1.9,0.369,15.0,38.0,0.99634,2165
9.9,0.54,0.26,2.0,0.111,7.0,60.0,0.99709,2166
8.2,0.33,0.39,2.5,0.074,29.0,48.0,0.99528,2167
6.5,0.34,0.27,2.8,0.067,8.0,44.0,0.99384,2168
7.6,0.5,0.29,2.3,0.086,5.0,14.0,0.99502,2169
9.2,0.36,0.34,1.6,0.062,5.0,12.0,0.99667,2170
7.1,0.59,0.0,2.2,0.078,26.0,44.0,0.99522,2171
9.7,0.42,0.46,2.1,0.074,5.0,16.0,0.99649,2172
7.6,0.36,0.31,1.7,0.079,26.0,65.0,0.99716,2173
7.6,0.36,0.31,1.7,0.079,26.0,65.0,0.99716,2174
6.5,0.61,0.0,2.2,0.095,48.0,59.0,0.99541,2175
6.5,0.88,0.03,5.6,0.079,23.0,47.0,0.99572,2176
7.1,0.66,0.0,2.4,0.052,6.0,11.0,0.99318,2177
5.6,0.915,0.0,2.1,0.041,17.0,78.0,0.99346,2178
8.2,0.35,0.33,2.4,0.076,11.0,47.0,0.99599,2179
8.2,0.35,0.33,2.4,0.076,11.0,47.0,0.99599,2180
9.8,0.39,0.43,1.65,0.068,5.0,11.0,0.99478,2181
10.2,0.4,0.4,2.5,0.068,41.0,54.0,0.99754,2182
6.8,0.66,0.07,1.6,0.07,16.0,61.0,0.99572,2183
6.7,0.64,0.23,2.1,0.08,11.0,119.0,0.99538,2184
7.0,0.43,0.3,2.0,0.085,6.0,39.0,0.99346,2185
6.6,0.8,0.03,7.8,0.079,6.0,12.0,0.9963,2186
7.0,0.43,0.3,2.0,0.085,6.0,39.0,0.99346,2187
6.7,0.64,0.23,2.1,0.08,11.0,119.0,0.99538,2188
8.8,0.955,0.05,1.8,0.075,5.0,19.0,0.99616,2189
9.1,0.4,0.57,4.6,0.08,6.0,20.0,0.99652,2190
6.5,0.885,0.0,2.3,0.166,6.0,12.0,0.99551,2191
7.2,0.25,0.37,2.5,0.063,11.0,41.0,0.99439,2192
6.4,0.885,0.0,2.3,0.166,6.0,12.0,0.99551,2193
7.0,0.745,0.12,1.8,0.114,15.0,64.0,0.99588,2194
6.2,0.43,0.22,1.8,0.078,21.0,56.0,0.99633,2195
7.9,0.58,0.23,2.3,0.076,23.0,94.0,0.99686,2196
7.7,0.57,0.21,1.5,0.069,4.0,9.0,0.99458,2197
7.7,0.26,0.26,2.0,0.052,19.0,77.0,0.9951,2198
7.9,0.58,0.23,2.3,0.076,23.0,94.0,0.99686,2199
7.7,0.57,0.21,1.5,0.069,4.0,9.0,0.99458,2200
7.9,0.34,0.36,1.9,0.065,5.0,10.0,0.99419,2201
8.6,0.42,0.39,1.8,0.068,6.0,12.0,0.99516,2202
9.9,0.74,0.19,5.8,0.111,33.0,76.0,0.99878,2203
7.2,0.36,0.46,2.1,0.074,24.0,44.0,0.99534,2204
7.2,0.36,0.46,2.1,0.074,24.0,44.0,0.99534,2205
7.2,0.36,0.46,2.1,0.074,24.0,44.0,0.99534,2206
9.9,0.72,0.55,1.7,0.136,24.0,52.0,0.99752,2207
7.2,0.36,0.46,,0.074,24.0,44.0,0.99534,2208
6.2,0.39,0.43,2.0,0.071,14.0,24.0,0.99428,2209
6.8,0.65,0.02,2.1,0.078,8.0,15.0,0.99498,2210
6.6,0.44,0.15,2.1,0.076,22.0,53.0,0.9957,2211
6.8,0.65,0.02,2.1,0.078,8.0,15.0,0.99498,2212
9.6,0.38,0.42,1.9,0.071,5.0,13.0,0.99659,2213
10.2,0.33,0.46,1.9,0.081,6.0,9.0,0.99628,2214
8.8,0.27,0.46,2.1,0.095,20.0,29.0,0.99488,2215
7.9,0.57,0.31,2.0,0.079,10.0,79.0,0.99677,2216
8.2,0.34,0.37,1.9,0.057,43.0,74.0,0.99408,2217
8.2,0.4,0.31,1.9,0.082,8.0,24.0,0.996,2218
9.0,0.39,0.4,1.3,0.044,25.0,50.0,0.99478,2219
10.9,0.32,0.52,1.8,0.132,17.0,44.0,0.99734,2220
10.9,0.32,0.52,1.8,0.132,17.0,44.0,0.99734,2221
8.1,0.53,0.22,2.2,0.078,33.0,89.0,0.99678,2222
10.5,0.36,0.47,2.2,0.074,9.0,23.0,0.99638,2223
12.6,0.39,0.49,2.5,0.08,8.0,20.0,0.9992,2224
9.2,0.46,0.23,2.6,0.091,18.0,77.0,0.99922,2225
7.5,0.58,0.03,4.1,0.08,27.0,46.0,0.99592,2226
9.0,0.58,0.25,2.0,0.104,8.0,21.0,0.99769,2227
5.1,0.42,0.0,1.8,0.044,18.0,88.0,0.99157,2228
7.6,0.43,0.29,2.1,0.075,19.0,66.0,0.99718,2229
7.7,0.18,0.34,2.7,0.066,15.0,58.0,0.9947,2230
7.8,0.815,0.01,2.6,0.074,48.0,90.0,0.99621,2231
7.6,0.43,0.29,2.1,0.075,19.0,66.0,0.99718,2232
10.2,0.23,0.37,2.2,0.057,14.0,36.0,0.99614,2233
7.1,0.75,0.01,2.2,0.059,11.0,18.0,0.99242,2234
6.0,0.33,0.32,12.9,0.054,6.0,113.0,0.99572,2235
7.8,0.55,0.0,1.7,0.07,7.0,17.0,0.99659,2236
7.1,0.75,0.01,2.2,0.059,11.0,18.0,0.99242,2237
8.1,0.73,0.0,2.5,0.081,12.0,24.0,0.99798,2238
6.5,0.67,0.0,4.3,0.057,11.0,20.0,0.99488,2239
7.5,0.61,0.2,1.7,0.076,36.0,60.0,0.99494,2240
9.8,0.37,0.39,2.5,0.079,28.0,65.0,0.99729,2241
9.0,0.4,0.41,2.0,0.058,15.0,40.0,0.99414,2242
8.3,0.56,0.22,2.4,0.082,10.0,86.0,0.9983,2243
5.9,0.29,0.25,13.4,0.067,72.0,160.0,0.99721,2244
7.4,0.55,0.19,1.8,0.082,15.0,34.0,0.99655,2245
7.4,0.74,0.07,1.7,0.086,15.0,48.0,0.99502,2246
7.4,0.55,0.19,1.8,0.082,15.0,34.0,0.99655,2247
6.9,0.41,0.33,2.2,0.081,22.0,36.0,0.9949,2248
7.1,0.6,0.01,2.3,0.079,24.0,37.0,0.99514,2249
7.1,0.6,0.01,2.3,0.079,24.0,37.0,0.99514,2250
7.5,0.58,0.14,2.2,0.077,27.0,60.0,0.9963,2251
7.1,0.72,0.0,,0.123,6.0,14.0,0.99627,2252
7.9,0.66,0.0,1.4,0.096,6.0,13.0,0.99569,2253
7.8,0.7,0.06,1.9,0.079,20.0,35.0,0.99628,2254
6.1,0.64,0.02,2.4,0.069,26.0,46.0,0.99358,2255
7.5,0.59,0.22,1.8,0.082,43.0,60.0,0.99499,2256
7.0,0.58,0.28,4.8,0.085,12.0,69.0,0.99633,2257
6.8,0.64,0.0,2.7,0.123,15.0,33.0,0.99538,2258
6.8,0.64,0.0,2.7,0.123,15.0,33.0,0.99538,2259
8.6,0.635,0.68,1.8,0.403,19.0,56.0,0.99632,2260
6.3,1.02,0.0,2.0,0.083,17.0,24.0,0.99437,2261
9.8,0.45,0.38,2.5,0.081,34.0,66.0,0.99726,2262
8.2,0.78,0.0,2.2,0.089,13.0,26.0,0.9978,2263
8.5,0.37,0.32,1.8,0.066,26.0,51.0,0.99456,2264
7.2,0.57,0.05,2.3,0.081,16.0,36.0,0.99564,2265
7.2,0.57,0.05,2.3,0.081,16.0,36.0,0.99564,2266
10.4,0.43,0.5,2.3,0.068,13.0,19.0,0.996,2267
6.9,0.41,0.31,2.0,0.079,21.0,51.0,0.99668,2268
5.5,0.49,0.03,1.8,0.044,28.0,87.0,0.9908,2269
5.0,0.38,0.01,1.6,0.048,26.0,60.0,0.99084,2270
7.3,0.44,0.2,1.6,0.049,24.0,64.0,0.9935,2271
5.9,0.46,0.0,1.9,0.077,25.0,44.0,0.99385,2272
7.5,0.58,0.2,2.0,0.073,34.0,44.0,0.99494,2273
7.8,0.58,0.13,2.1,0.102,17.0,36.0,0.9944,2274
8.0,0.715,0.22,2.3,0.075,13.0,81.0,0.99688,2275
8.5,0.4,0.4,6.3,0.05,3.0,10.0,0.99566,2276
7.0,0.69,0.0,1.9,0.114,3.0,10.0,0.99636,2277
8.0,0.715,0.22,2.3,0.075,13.0,81.0,0.99688,2278
9.8,0.3,0.39,1.7,0.062,3.0,9.0,0.9948,2279
7.1,0.46,0.2,1.9,0.077,28.0,54.0,0.9956,2280
7.1,0.46,0.2,1.9,0.077,28.0,54.0,0.9956,2281
7.9,0.765,0.0,2.0,0.084,9.0,22.0,0.99619,2282
8.7,0.63,0.28,2.7,0.096,17.0,69.0,0.99734,2283
7.0,0.42,0.19,2.3,0.071,18.0,36.0,0.99476,2284
11.3,0.37,0.5,1.8,0.09,20.0,47.0,0.99734,2285
7.1,0.16,0.44,2.5,0.068,17.0,31.0,0.99328,2286
8.0,0.6,0.08,2.6,0.056,3.0,7.0,0.99286,2287
7.0,0.6,0.3,4.5,0.068,20.0,110.0,0.99914,2288
7.0,0.6,0.3,4.5,0.068,20.0,110.0,0.99914,2289
7.6,0.74,0.0,1.9,0.1,6.0,12.0,0.99521,2290
8.2,0.635,0.1,2.1,0.073,25.0,60.0,0.99638,2291
5.9,0.395,0.13,2.4,0.056,14.0,28.0,0.99362,2292
7.5,0.755,0.0,1.9,0.084,6.0,12.0,0.99672,2293
8.2,0.635,0.1,2.1,0.073,25.0,60.0,0.99638,2294
6.6,0.63,0.0,4.3,0.093,51.0,77.5,0.99558,2295
6.6,0.63,0.0,4.3,0.093,51.0,77.5,0.99558,2296
7.2,0.53,0.14,2.1,0.064,15.0,29.0,0.99323,2297
5.7,0.6,0.0,1.4,0.063,11.0,18.0,0.99191,2298
7.6,1.58,0.0,2.1,0.137,5.0,9.0,0.99476,2299
5.2,0.645,0.0,2.15,0.08,15.0,28.0,0.99444,2300
6.7,0.86,0.07,2.0,0.1,20.0,57.0,0.99598,2301
9.1,0.37,0.32,2.1,0.064,4.0,15.0,0.99576,2302
8.0,0.28,0.44,1.8,0.081,28.0,68.0,0.99501,2303
7.6,0.79,0.21,2.3,0.087,21.0,68.0,0.9955,2304
7.5,0.61,0.26,1.9,0.073,24.0,88.0,0.99612,2305
9.7,0.69,0.32,2.5,0.088,22.0,91.0,0.9979,2306
6.8,0.68,0.09,3.9,0.068,15.0,29.0,0.99524,2307
9.7,0.69,0.32,2.5,0.088,22.0,91.0,0.9979,2308
7.0,0.62,0.1,1.4,0.071,27.0,63.0,0.996,2309
7.5,0.61,0.26,1.9,0.073,24.0,88.0,0.99612,2310
6.5,0.51,0.15,3.0,0.064,12.0,27.0,0.9929,2311
8.0,1.18,0.21,1.9,0.083,14.0,41.0,0.99532,2312
7.0,0.36,0.21,2.3,0.086,20.0,65.0,0.99558,2313
7.0,0.36,0.21,2.4,0.086,24.0,69.0,0.99556,2314
7.5,0.63,0.27,2.0,0.083,17.0,91.0,0.99616,2315
5.4,0.74,0.0,1.2,0.041,16.0,46.0,0.99258,2316
9.9,0.44,0.46,2.2,0.091,10.0,41.0,0.99638,2317
7.5,0.63,0.27,2.0,0.083,17.0,91.0,0.99616,2318
9.1,0.76,0.68,1.7,0.414,18.0,64.0,0.99652,2319
9.7,0.66,0.34,2.6,0.094,12.0,88.0,0.99796,2320
5.0,0.74,0.0,1.2,0.041,16.0,46.0,0.99258,2321
9.1,0.34,0.42,1.8,0.058,9.0,18.0,0.99392,2322
9.1,0.36,0.39,1.8,0.06,21.0,55.0,0.99495,2323
6.7,0.46,0.24,1.7,0.077,18.0,34.0,0.9948,2324
6.7,0.46,0.24,1.7,0.077,18.0,34.0,0.9948,2325
6.7,0.46,0.24,1.7,0.077,18.0,34.0,0.9948,2326
6.7,0.46,0.24,1.7,0.077,18.0,34.0,0.9948,2327
6.5,0.52,0.11,1.8,0.073,13.0,38.0,0.9955,2328
7.4,0.6,0.26,2.1,0.083,17.0,91.0,0.99616,2329
7.4,0.6,0.26,2.1,0.083,17.0,91.0,0.99616,2330
7.8,0.87,0.26,3.8,0.107,31.0,67.0,0.99668,2331
8.4,0.39,0.1,1.7,0.075,6.0,25.0,0.99581,2332
9.1,0.775,0.22,2.2,0.079,12.0,48.0,0.9976,2333
7.2,0.835,0.0,2.0,0.166,4.0,11.0,0.99608,2334
6.6,0.58,0.02,2.4,0.069,19.0,40.0,0.99387,2335
6.0,0.5,0.0,1.4,0.057,15.0,26.0,0.99448,2336
6.0,0.5,0.0,1.4,0.057,15.0,26.0,0.99448,2337
6.0,0.5,0.0,1.4,0.057,15.0,26.0,0.99448,2338
7.5,0.51,0.02,1.7,0.084,13.0,31.0,0.99538,2339
7.5,0.51,0.02,1.7,0.084,13.0,31.0,0.99538,2340
7.5,0.51,0.02,1.7,0.084,13.0,31.0,0.99538,2341
7.6,0.54,0.02,1.7,0.085,17.0,31.0,0.99589,2342
7.5,0.51,0.02,1.7,0.084,13.0,31.0,0.99538,2343
11.5,0.42,0.48,2.6,0.077,8.0,20.0,0.99852,2344
8.2,0.44,0.24,2.3,0.063,10.0,28.0,0.99613,2345
6.1,0.59,0.01,2.1,0.056,5.0,13.0,0.99472,2346
7.2,0.655,0.03,1.8,0.078,7.0,12.0,0.99587,2347
7.2,0.655,0.03,1.8,0.078,7.0,12.0,0.99587,2348
6.9,0.57,0.0,2.8,0.081,21.0,41.0,0.99518,2349
9.0,0.6,0.29,2.0,0.069,32.0,73.0,0.99654,2350
7.2,0.62,0.01,2.3,0.065,8.0,46.0,0.99332,2351
7.6,0.645,0.03,1.9,0.086,14.0,57.0,0.9969,2352
7.6,0.645,0.03,1.9,0.086,14.0,57.0,0.9969,2353
7.2,0.58,0.03,2.3,0.077,7.0,28.0,0.99568,2354
6.1,0.32,0.25,1.8,0.086,5.0,32.0,0.99464,2355
6.1,0.34,0.25,1.8,0.084,4.0,28.0,0.99464,2356
7.3,0.43,0.24,2.5,0.078,27.0,67.0,0.99648,2357
7.4,0.64,0.17,5.4,0.168,52.0,98.0,0.99736,2358
11.6,0.475,0.4,1.4,0.091,6.0,28.0,0.99704,2359
9.2,0.54,0.31,2.3,0.112,11.0,38.0,0.99699,2360
8.3,0.85,0.14,2.5,0.093,13.0,54.0,0.99724,2361
11.6,0.475,0.4,1.4,0.091,6.0,28.0,0.99704,2362
8.0,0.83,0.27,2.0,0.08,11.0,63.0,0.99652,2363
7.2,0.605,0.02,1.9,0.096,10.0,31.0,0.995,2364
7.8,0.5,0.09,2.2,0.115,10.0,42.0,0.9971,2365
7.3,0.74,0.08,1.7,0.094,10.0,45.0,0.99576,2366
6.9,0.54,0.3,2.2,0.088,9.0,105.0,0.99725,2367
8.0,0.77,0.32,2.1,0.079,16.0,74.0,0.99656,2368
6.6,0.61,0.0,1.6,0.069,4.0,8.0,0.99396,2369
8.7,0.78,0.51,1.7,0.415,12.0,66.0,0.99623,2370
7.5,0.58,0.56,3.1,0.153,5.0,14.0,0.99476,2371
8.7,0.78,0.51,1.7,0.415,12.0,66.0,0.99623,2372
7.7,0.75,0.27,3.8,0.11,34.0,89.0,0.99664,2373
6.8,0.815,0.0,1.2,0.267,16.0,29.0,0.99471,2374
7.2,0.56,0.26,2.0,0.083,13.0,100.0,0.99586,2375
8.2,0.885,0.2,1.4,0.086,7.0,31.0,0.9946,2376
5.2,0.49,0.26,2.3,0.09,23.0,74.0,0.9953,2377
7.2,0.45,0.15,2.0,0.078,10.0,28.0,0.99609,2378
7.5,0.57,0.02,2.6,0.077,11.0,35.0,0.99557,2379
7.5,0.57,0.02,2.6,0.077,11.0,35.0,0.99557,2380
6.8,0.83,0.09,1.8,0.074,4.0,25.0,0.99534,2381
8.0,0.6,0.22,2.1,0.08,25.0,105.0,0.99613,2382
8.0,0.6,0.22,2.1,0.08,25.0,105.0,0.99613,2383
7.1,0.755,0.15,1.8,0.107,20.0,84.0,0.99593,2384
8.0,0.81,0.25,3.4,0.076,34.0,85.0,0.99668,2385
7.4,0.64,0.07,1.8,0.1,8.0,23.0,0.9961,2386
7.4,0.64,0.07,1.8,0.1,8.0,23.0,0.9961,2387
6.6,0.64,0.31,6.1,0.083,7.0,49.0,0.99718,2388
6.7,0.48,0.02,2.2,0.08,36.0,111.0,0.99524,2389
6.0,0.49,0.0,2.3,0.068,15.0,33.0,0.99292,2390
8.0,0.64,0.22,2.4,0.094,5.0,33.0,0.99612,2391
7.1,0.62,0.06,1.3,0.07,5.0,12.0,0.9942,2392
8.0,0.52,0.25,2.0,0.078,19.0,59.0,0.99612,2393
6.4,0.57,0.14,3.9,0.07,27.0,73.0,0.99669,2394
8.6,0.685,0.1,1.6,0.092,3.0,12.0,0.99745,2395
8.7,0.675,0.1,1.6,0.09,4.0,11.0,0.99745,2396
7.3,0.59,0.26,2.0,0.08,17.0,104.0,0.99584,2397
7.0,0.6,0.12,2.2,0.083,13.0,28.0,0.9966,2398
7.2,0.67,0.0,2.2,0.068,10.0,24.0,0.9956,2399
7.9,0.69,0.21,2.1,0.08,33.0,141.0,0.9962,2400
7.9,0.69,0.21,2.1,0.08,33.0,141.0,0.9962,2401
7.6,0.3,0.42,2.0,0.052,6.0,24.0,0.9963,2402
7.2,0.33,0.33,1.7,0.061,3.0,13.0,0.996,2403
8.0,0.5,0.39,2.6,0.082,12.0,46.0,0.9985,2404
7.7,0.28,0.3,2.0,0.062,18.0,34.0,0.9952,2405
8.2,0.24,0.34,5.1,0.062,8.0,22.0,0.9974,2406
6.0,0.51,0.0,2.1,0.064,40.0,54.0,0.995,2407
8.1,0.29,0.36,2.2,0.048,35.0,53.0,0.995,2408
6.0,0.51,0.0,2.1,0.064,40.0,54.0,0.995,2409
6.6,0.96,0.0,1.8,0.082,5.0,16.0,0.9936,2410
6.4,0.47,0.4,2.4,0.071,8.0,19.0,0.9963,2411
8.2,0.24,0.34,5.1,0.062,8.0,22.0,0.9974,2412
9.9,0.57,0.25,2.0,0.104,12.0,89.0,0.9963,2413
10.0,0.32,0.59,2.2,0.077,3.0,15.0,0.9994,2414
6.2,0.58,0.0,1.6,0.065,8.0,18.0,0.9966,2415
10.0,0.32,0.59,2.2,0.077,3.0,15.0,0.9994,2416
7.3,0.34,0.33,2.5,0.064,21.0,37.0,0.9952,2417
7.8,0.53,0.01,1.6,0.077,3.0,19.0,0.995,2418
7.7,0.64,0.21,2.2,0.077,32.0,133.0,0.9956,2419
7.8,0.53,0.01,1.6,0.077,3.0,19.0,0.995,2420
7.5,0.4,0.18,1.6,0.079,24.0,58.0,0.9965,2421
7.0,0.54,0.0,2.1,0.079,39.0,55.0,0.9956,2422
6.4,0.53,0.09,3.9,0.123,14.0,31.0,0.9968,2423
8.3,0.26,0.37,1.4,0.076,8.0,23.0,0.9974,2424
8.3,0.26,0.37,1.4,0.076,8.0,23.0,0.9974,2425
7.7,0.23,0.37,1.8,0.046,23.0,60.0,0.9971,2426
7.6,0.41,0.33,2.5,0.078,6.0,23.0,0.9957,2427
7.8,0.64,0.0,1.9,0.072,27.0,55.0,0.9962,2428
7.9,0.18,0.4,2.2,0.049,38.0,67.0,0.996,2429
7.4,0.41,0.24,1.8,0.066,18.0,47.0,0.9956,2430
7.6,0.43,0.31,2.1,0.069,13.0,74.0,0.9958,2431
5.9,0.44,0.0,1.6,0.042,3.0,11.0,0.9944,2432
6.1,0.4,0.16,1.8,0.069,11.0,25.0,0.9955,2433
10.2,0.54,0.37,15.4,0.214,55.0,95.0,1.00369,2434
10.2,0.54,0.37,15.4,0.214,55.0,95.0,1.00369,2435
10.0,0.38,0.38,1.6,0.169,27.0,90.0,0.99914,2436
6.8,0.915,0.29,4.8,0.07,15.0,39.0,0.99577,2437
7.0,0.59,0.0,1.7,0.052,3.0,8.0,0.996,2438
7.3,0.67,0.02,2.2,0.072,31.0,92.0,0.99566,2439
7.2,0.37,0.32,2.0,0.062,15.0,28.0,0.9947,2440
7.4,0.785,0.19,5.2,0.094,19.0,98.0,0.99713,2441
6.9,0.63,0.02,1.9,0.078,18.0,30.0,0.99712,2442
6.9,0.58,0.2,1.75,0.058,8.0,22.0,0.99322,2443
7.3,0.67,0.02,2.2,0.072,31.0,92.0,0.99566,2444
7.4,0.785,0.19,5.2,0.094,19.0,98.0,0.99713,2445
6.9,0.63,0.02,1.9,0.078,18.0,30.0,0.99712,2446
6.8,0.67,0.0,1.9,0.08,22.0,39.0,0.99701,2447
6.9,0.58,0.01,1.9,0.08,40.0,54.0,0.99683,2448
7.2,0.38,0.31,2.0,0.056,15.0,29.0,0.99472,2449
7.2,0.37,0.32,2.0,0.062,15.0,28.0,0.9947,2450
7.8,0.32,0.44,2.7,0.104,8.0,17.0,0.99732,2451
6.6,0.58,0.02,2.0,0.062,37.0,53.0,0.99374,2452
7.6,0.49,0.33,1.9,0.074,27.0,85.0,0.99706,2453
11.7,0.45,0.63,2.2,0.073,7.0,23.0,0.99974,2454
6.5,0.9,0.0,1.6,0.052,9.0,17.0,0.99467,2455
6.0,0.54,0.06,1.8,0.05,38.0,89.0,0.99236,2456
7.6,0.49,0.33,1.9,0.074,27.0,85.0,0.99706,2457
8.4,0.29,0.4,1.7,0.067,8.0,20.0,0.99603,2458
7.9,0.2,0.35,1.7,0.054,7.0,15.0,0.99458,2459
6.4,0.42,0.09,2.3,0.054,34.0,64.0,0.99724,2460
6.2,0.785,0.0,2.1,0.06,6.0,13.0,0.99664,2461
6.8,0.64,0.03,2.3,0.075,14.0,31.0,0.99545,2462
6.9,0.63,0.01,2.4,0.076,14.0,39.0,0.99522,2463
6.8,0.59,0.1,1.7,0.063,34.0,53.0,0.9958,2464
6.8,0.59,0.1,1.7,0.063,34.0,53.0,0.9958,2465
7.3,0.48,0.32,2.1,0.062,31.0,54.0,0.99728,2466
6.7,1.04,0.08,2.3,0.067,19.0,32.0,0.99648,2467
7.3,0.48,0.32,2.1,0.062,31.0,54.0,0.99728,2468
7.3,0.98,0.05,2.1,0.061,20.0,49.0,0.99705,2469
10.0,0.69,0.11,1.4,0.084,8.0,24.0,0.99578,2470
6.7,0.7,0.08,3.75,0.067,8.0,16.0,0.99334,2471
7.6,0.35,0.6,2.6,0.073,23.0,44.0,0.99656,2472
6.1,0.6,0.08,1.8,0.071,14.0,45.0,0.99336,2473
9.9,0.5,0.5,13.8,0.205,48.0,82.0,1.00242,2474
5.3,0.47,0.11,2.2,0.048,16.0,89.0,0.99182,2475
9.9,0.5,0.5,13.8,0.205,48.0,82.0,1.00242,2476
5.3,0.47,0.11,2.2,0.048,16.0,89.0,0.99182,2477
7.1,0.875,0.05,5.7,0.082,3.0,14.0,0.99808,2478
8.2,0.28,0.6,3.0,0.104,10.0,22.0,0.99828,2479
5.6,0.62,0.03,1.5,0.08,6.0,13.0,0.99498,2480
8.2,0.28,0.6,3.0,0.104,10.0,22.0,0.99828,2481
7.2,0.58,0.54,2.1,0.114,3.0,9.0,0.99719,2482
8.1,0.33,0.44,1.5,0.042,6.0,12.0,0.99542,2483
6.8,0.91,0.06,2.0,0.06,4.0,11.0,0.99592,2484
7.0,0.655,0.16,2.1,0.074,8.0,25.0,0.99606,2485
6.8,0.68,0.21,2.1,0.07,9.0,23.0,0.99546,2486
6.0,0.64,0.05,1.9,0.066,9.0,17.0,0.99496,2487
5.6,0.54,0.04,1.7,0.049,5.0,13.0,0.9942,2488
6.2,0.57,0.1,2.1,0.048,4.0,11.0,0.99448,2489
7.1,0.22,0.49,1.8,0.039,8.0,18.0,0.99344,2490
5.6,0.54,0.04,1.7,0.049,5.0,13.0,0.9942,2491
6.2,0.65,0.06,1.6,0.05,6.0,18.0,0.99348,2492
7.7,0.54,0.26,1.9,0.089,23.0,147.0,0.99636,2493
6.4,0.31,0.09,1.4,0.066,15.0,28.0,0.99459,2494
7.0,0.43,0.02,1.9,0.08,15.0,28.0,0.99492,2495
7.7,0.54,0.26,1.9,0.089,23.0,147.0,0.99636,2496
6.9,0.74,0.03,2.3,0.054,7.0,16.0,0.99508,2497
6.6,0.895,0.04,2.3,0.068,7.0,13.0,0.99582,2498
6.9,0.74,0.03,2.3,0.054,7.0,16.0,0.99508,2499
7.5,0.725,0.04,1.5,0.076,8.0,15.0,0.99508,2500
7.8,0.82,0.29,4.3,0.083,21.0,64.0,0.99642,2501
7.3,0.585,0.18,2.4,0.078,15.0,60.0,0.99638,2502
6.2,0.44,0.39,2.5,0.077,6.0,14.0,0.99555,2503
7.5,0.38,0.57,2.3,0.106,5.0,12.0,0.99605,2504
6.7,0.76,0.02,1.8,0.078,6.0,12.0,0.996,2505
6.8,0.81,0.05,2.0,0.07,6.0,14.0,0.99562,2506
7.5,0.38,0.57,2.3,0.106,5.0,12.0,0.99605,2507
7.1,0.27,0.6,2.1,0.074,17.0,25.0,0.99814,2508
7.9,0.18,0.4,1.8,0.062,7.0,20.0,0.9941,2509
6.4,0.36,0.21,2.2,0.047,26.0,48.0,0.99661,2510
7.1,0.69,0.04,2.1,0.068,19.0,27.0,0.99712,2511
6.4,0.79,0.04,2.2,0.061,11.0,17.0,0.99588,2512
6.4,0.56,0.15,1.8,0.078,17.0,65.0,0.99294,2513
6.9,0.84,0.21,4.1,0.074,16.0,65.0,0.99842,2514
6.9,0.84,0.21,4.1,0.074,16.0,65.0,0.99842,2515
6.1,0.32,0.25,2.3,0.071,23.0,58.0,0.99633,2516
6.5,0.53,0.06,2.0,0.063,29.0,44.0,0.99489,2517
7.4,0.47,0.46,2.2,0.114,7.0,20.0,0.99647,2518
6.6,0.7,0.08,2.6,0.106,14.0,27.0,0.99665,2519
6.5,0.53,0.06,2.0,0.063,29.0,44.0,0.99489,2520
6.9,0.48,0.2,1.9,0.082,9.0,23.0,0.99585,2521
6.1,0.32,0.25,2.3,0.071,23.0,58.0,0.99633,2522
6.8,0.48,0.25,2.0,0.076,29.0,61.0,0.9953,2523
6.0,0.42,0.19,2.0,0.075,22.0,47.0,0.99522,2524
6.7,0.48,0.08,2.1,0.064,18.0,34.0,0.99552,2525
6.8,0.47,0.08,2.2,0.064,18.0,38.0,0.99553,2526
7.1,0.53,0.07,1.7,0.071,15.0,24.0,0.9951,2527
7.9,0.29,0.49,2.2,0.096,21.0,59.0,0.99714,2528
7.1,0.69,0.08,2.1,0.063,42.0,52.0,0.99608,2529
6.6,0.44,0.09,2.2,0.063,9.0,18.0,0.99444,2530
6.1,0.705,0.1,2.8,0.081,13.0,28.0,0.99631,2531
7.2,0.53,0.13,2.0,0.058,18.0,22.0,0.99573,2532
8.0,0.39,0.3,1.9,0.074,32.0,84.0,0.99717,2533
6.6,0.56,0.14,2.4,0.064,13.0,29.0,0.99397,2534
7.0,0.55,0.13,2.2,0.075,15.0,35.0,0.9959,2535
6.1,0.53,0.08,1.9,0.077,24.0,45.0,0.99528,2536
5.4,0.58,0.08,1.9,0.059,20.0,31.0,0.99484,2537
6.2,0.64,0.09,2.5,0.081,15.0,26.0,0.99538,2538
7.2,0.39,0.32,1.8,0.065,34.0,60.0,0.99714,2539
6.2,0.52,0.08,4.4,0.071,11.0,32.0,0.99646,2540
7.4,0.25,0.29,2.2,0.054,19.0,49.0,0.99666,2541
6.7,0.855,0.02,1.9,0.064,29.0,38.0,0.99472,2542
11.1,0.44,0.42,2.2,0.064,14.0,19.0,0.99758,2543
8.4,0.37,0.43,2.3,0.063,12.0,19.0,0.9955,2544
6.5,0.63,0.33,1.8,0.059,16.0,28.0,0.99531,2545
7.0,0.57,0.02,2.0,0.072,17.0,26.0,0.99575,2546
6.3,0.6,0.1,1.6,0.048,12.0,26.0,0.99306,2547
11.2,0.4,0.5,2.0,0.099,19.0,50.0,0.99783,2548
7.4,0.36,0.3,1.8,0.074,17.0,24.0,0.99419,2549
7.1,0.68,0.0,2.3,0.087,17.0,26.0,0.99783,2550
7.1,0.67,0.0,2.3,0.083,18.0,27.0,0.99768,2551
6.3,0.68,0.01,3.7,0.103,32.0,54.0,0.99586,2552
7.3,0.735,0.0,2.2,0.08,18.0,28.0,0.99765,2553
6.6,0.855,0.02,2.4,0.062,15.0,23.0,0.99627,2554
7.0,0.56,0.17,1.7,0.065,15.0,24.0,0.99514,2555
6.6,0.88,0.04,2.2,0.066,12.0,20.0,0.99636,2556
6.6,0.855,0.02,2.4,0.062,15.0,23.0,0.99627,2557
6.9,0.63,0.33,6.7,0.235,66.0,115.0,0.99787,2558
7.8,0.6,0.26,2.0,0.08,31.0,131.0,0.99622,2559
7.8,0.6,0.26,2.0,0.08,31.0,131.0,0.99622,2560
7.8,0.6,0.26,2.0,0.08,31.0,131.0,0.99622,2561
7.2,0.695,0.13,2.0,0.076,12.0,20.0,0.99546,2562
7.2,0.695,0.13,2.0,0.076,12.0,20.0,0.99546,2563
7.2,0.695,0.13,2.0,0.076,12.0,20.0,0.99546,2564
6.7,0.67,0.02,1.9,0.061,26.0,42.0,0.99489,2565
6.7,0.16,0.64,2.1,0.059,24.0,52.0,0.99494,2566
7.2,0.695,0.13,2.0,0.076,12.0,20.0,0.99546,2567
7.0,0.56,0.13,1.6,0.077,25.0,42.0,0.99629,2568
6.2,0.51,0.14,1.9,0.056,15.0,34.0,0.99396,2569
6.4,0.36,0.53,2.2,0.23,19.0,35.0,0.9934,2570
6.4,0.38,0.14,2.2,0.038,15.0,25.0,0.99514,2571
7.3,0.69,0.32,2.2,0.069,35.0,104.0,0.99632,2572
6.0,0.58,0.2,2.4,0.075,15.0,50.0,0.99467,2573
5.6,0.31,0.78,13.9,0.074,23.0,92.0,0.99677,2574
7.5,0.52,0.4,2.2,0.06,12.0,20.0,0.99474,2575
8.0,0.3,0.63,1.6,0.081,16.0,29.0,0.99588,2576
6.2,0.7,0.15,5.1,0.076,13.0,27.0,0.99622,2577
6.8,0.67,0.15,,0.118,13.0,20.0,0.9954,2578
6.2,0.56,0.09,1.7,0.053,24.0,32.0,0.99402,2579
7.4,0.35,0.33,2.4,0.068,9.0,26.0,0.9947,2580
6.2,0.56,0.09,1.7,0.053,24.0,32.0,0.99402,2581
6.1,0.715,0.1,2.6,0.053,13.0,27.0,0.99362,2582
6.2,0.46,0.29,2.1,0.074,32.0,98.0,0.99578,2583
6.7,0.32,0.44,2.4,0.061,24.0,34.0,0.99484,2584
7.2,0.39,0.44,2.6,0.066,22.0,48.0,0.99494,2585
7.5,0.31,0.41,2.4,0.065,34.0,60.0,0.99492,2586
5.8,0.61,0.11,,0.066,18.0,28.0,0.99483,2587
7.2,0.66,0.33,2.5,0.068,34.0,102.0,0.99414,2588
6.6,0.725,0.2,7.8,0.073,29.0,79.0,0.9977,2589
6.3,0.55,0.15,1.8,0.077,26.0,35.0,0.99314,2590
5.4,0.74,0.09,1.7,0.089,16.0,26.0,0.99402,2591
6.3,0.51,0.13,2.3,0.076,29.0,40.0,0.99574,2592
6.8,0.62,0.08,1.9,0.068,28.0,38.0,0.99651,2593
6.2,0.6,0.08,2.0,0.09,32.0,44.0,0.9949,2594
5.9,0.55,0.1,2.2,0.062,39.0,51.0,0.99512,2595
6.3,0.51,0.13,2.3,0.076,29.0,40.0,0.99574,2596
5.9,0.645,0.12,2.0,0.075,32.0,44.0,0.99547,2597
6.0,0.31,0.47,3.6,0.067,18.0,42.0,0.99549,2598
